seq,fnv1a32
2,d86392c3
3,bb2e7248
4,08a2d0e1
5,6a4a4452
6,412b32eb
7,ffa94091
8,80def444
9,b3047a27
10,0e0207fa
11,9ca731cb
12,ade1eda4
13,d8d82b02
14,4a81766d
15,8653f86f
16,334bdc06
17,b2e90252
18,640e3f43
19,85ea940e
20,37fd1fcb
21,4f9ace6f
22,5a595ec2
23,29609fba
24,7d0c5908
25,6706674d
26,de865c1e
27,8a6c2644
28,d8affdd2
29,a604035a
30,4b9d1747
31,811c9686
32,3afa1ef8
33,2eca5038
34,be44625a
35,71fc1d15
36,54e98229
37,fd2f34b3
38,bfd042bd
39,7b4951d5
40,434dcb5e
41,3b5e6d51
42,b719bf0a
43,87c616fe
44,06ad7f9a
45,397171a8
46,bb643bc4
47,4f8b8c84
48,abc158bb
49,eedf3029
50,4f487e5d
51,ddae8f55
52,2f4d6634
53,46de276f
54,750c120e
55,de232014
56,2c6c4ad7
57,510f562d
58,465e85fa
59,af797bcf
60,1d889bea
61,d492352e
62,8c79c36a
63,1b076294
64,bdb5be70
65,aac76f44
66,733834fb
67,8333b378
68,f8b2a135
69,7530d61a
70,7cb621a4
71,00066681
72,9eff8631
73,b1d713a1
74,4229e6e1
75,89fc14e7
76,e2969a18
77,68f15144
78,0b79bbe0
79,5c4c4b92
80,f82e7225
81,e8827276
82,506ebf7e
83,6cc94b4e
84,644f3fe6
85,05c0b708
86,460c3e8a
87,9d495c6b
88,d962b04b
89,369e37e9
90,83bd9e5a
91,4feac5f2
92,94a19aa5
93,5bc41759
94,79449db4
95,35e5b92b
96,41fb8bea
97,bc2a6c3f
98,e7d9ca44
99,fb4bc9f7
100,f66e025b
101,1ad13d79
102,5183a560
103,9418854d
104,c93ad172
105,1a54e53d
106,9a35f638
107,fd81a5c0
108,a652aa42
109,ffbb70ed
110,4de32582
111,bd43cad7
112,c9c757db
113,194c4cf8
114,fcda449e
115,687e7122
116,4ff3adb9
117,a577fb60
118,64f9df13
119,fb285fb8
120,3d406f18
121,8b0023f5
122,8cd5bd8e
123,3b968157
124,06b031c4
125,d5758190
126,1c8b41c1
127,d03337d1
128,8d7bb20a
129,a19bf233
130,5e82b96e
131,e34f7198
132,b3798ad2
133,74186077
134,d07ed183
135,a2baaecb
136,f3707afe
137,a22223e6
138,8390f781
139,598d875a
140,359b72a0
141,017c3549
142,beedf58f
143,2b0f266a
144,541f7c76
145,f5b7d9c1
146,2f178959
147,7eac229e
148,f80efdee
149,d384f48e
150,757c8416
151,139dfcf7
152,dde36b87
153,88378477
154,c216ddfa
155,0fac50e4
156,ac4e8579
157,b96c51dc
158,83e787fd
159,2460c884
160,06a29ed3
161,79efce2b
162,c42426de
163,208e8470
164,09b04fe5
165,a696fd6a
166,570ab163
167,1b930f09
168,53637330
169,93bd510a
170,e2baeebd
171,0f439362
172,1e42e99b
173,7610dbce
174,bba224b4
175,a2099fb3
176,ae9928c8
177,c371bb56
178,1dc5e318
179,708b6826
180,a88ecf91
181,91afd87d
182,66c1edb0
183,e671e779
184,702ebb8d
185,488503ee
186,8f07d7aa
187,ca51a287
188,7b124240
189,690dd49e
190,c9c30937
191,204729b9
192,c40a6106
193,1cce9d30
194,fdf5d6bb
195,c1071436
196,8ed5c2a4
197,05a698c2
198,e511d0ec
199,393339e5
200,0f438d24
201,3172f410
202,6ac996c8
203,e7282393
204,c321ed2e
205,b17da9f1
206,ccadebad
207,59240a0e
208,b978649b
209,b4b0ac03
210,c37f4be6
211,d2c5a61d
212,40786568
213,00de80be
214,2e45169c
215,3efd40e3
216,0224267d
217,632b7cef
218,540b17fb
219,24b74e5f
220,48437fc6
221,881dd3c5
222,16f273a4
223,525da321
224,0fcff886
225,9e754dd8
226,36f91b73
227,5296a03c
228,356bac81
229,51ece84c
230,d8be8e4f
231,40768b0e
232,b8558e81
233,8a8692f4
234,8d5fda4c
235,4e06f687
236,63dc5d6e
237,0d5978a3
238,95e5c6e7
239,5ea1f3c2
240,6663ad43
241,47ee3952
242,df48042b
243,c3b2e5bd
244,c6929035
245,821b4519
246,ec20e4ee
247,d908a749
248,6d4581f2
249,5b121630
250,d5df2db9
251,1ff8c020
252,7b61eb97
253,b99f42f1
254,bdca4b04
255,151d24bc
256,d0c0e1c7
257,21f7c069
258,d3ea01c0
259,10228784
260,46716a8a
261,e174ba47
262,b6a59d79
263,7ac63153
264,698f8e55
265,ec74ad73
266,4a1460a8
267,bfed06e0
268,b5da4146
269,c4f3a3a0
270,9a9c63ae
271,1f07939c
272,b55b9b6d
273,06ea5e58
274,7cf6d4e1
275,dae570dd
276,0e8015be
277,95547f13
278,8640c44c
279,e969ae48
280,892faa3d
281,283523d6
282,5c52c236
283,c31cac24
284,963d64f4
285,295c4ab2
286,0319ed3d
287,aae2d48a
288,01196e00
289,c20de0c9
290,f02b18c5
291,6397e88f
292,0d07998c
293,ea70e220
294,5c8c055f
295,9522a3db
296,3d920f5a
297,43ce971c
298,07e0c9b0
299,a670cd35
300,471dce32
301,82b3e6b7
302,1dec3064
303,70584089
304,2923b5ea
305,aae3063f
306,4a7466f3
307,8cd29eb8
308,6e736f3b
309,c8116158
310,96158c4e
311,858a5b2c
312,0d2937be
313,2dcf11da
314,db35e2d6
315,ef71f654
316,9fb63c88
317,12315580
318,b26f0599
319,6809e503
320,af5d48e9
321,bfe3a2da
322,66ad8392
323,5c2888db
324,c76f80d1
325,86cbd6ae
326,9ed59ebe
327,f451bb7c
328,33c00d12
329,ebcef1f6
330,0b2141e4
331,979202ad
332,137914c3
333,211027fb
334,617c2483
335,36a958fa
336,7c4269c2
337,47e2bdd8
338,365a3221
339,7c216882
340,18a0ed6b
341,892fa4c9
342,767d136f
343,f2aa0e45
344,4da5ca3b
345,f1801b9d
346,17dc4131
347,8a1fcade
348,dd6ed119
349,72c68372
350,5f4284ac
351,17f78981
352,d45ed74d
353,1753112b
354,05dd668e
355,e01ab6ac
356,4cd3ad1a
357,1053ee57
358,d6b925b8
359,d1e71108
360,30f816bd
361,d1286cee
362,ba19432e
363,e2b09908
364,4728bacb
365,7ecc77fd
366,fa4e16bf
367,834c0118
368,78cd1712
369,a37315e0
370,a99d5d54
371,8228ab7f
372,f150b104
373,5363d42d
374,cfbcae8f
375,e37c1507
376,632e93cf
377,e220c12f
378,9c2824f8
379,1fe38a19
380,97b284e9
381,526cc30c
382,575ab03b
383,a94c2c52
384,e4b977d0
385,71b8560b
386,0ef31c9a
387,b7ce9976
388,ce966870
389,1e2f3342
390,3cf262f3
391,dc89479b
392,75e48b30
393,1d4172fc
394,6408cc93
395,2f80a263
396,2544333e
397,1a8fc1f5
398,6d8e27e9
399,a40c3f12
400,23569241
401,31543b4e
402,d529dfb0
403,70c84d31
404,816d680c
405,0f60f2f5
406,80575005
407,9967852c
408,7470f406
409,48fc53ad
410,5c68dd35
411,53ca46f3
412,45a9f02c
413,152b07c5
414,1c20d89f
415,31acdba8
416,3a2243f0
417,7c90968a
418,ec680c89
419,51570acb
420,34be87c5
421,0f9588fc
422,1256faf4
423,020c5fa7
424,2d9f802e
425,25027a68
426,5b5abba7
427,72449b01
428,f2cb7413
429,aceb4e3c
430,2e0459d4
431,51299f68
432,90b1fe13
433,13b5b668
434,a8659dcf
435,756744ed
436,d8ed1ba0
437,11b37895
438,9080bcd5
439,9d41bbac
440,a2b460a3
441,c3b1cf51
442,05d698e5
443,25ab84b1
444,c4283c56
445,16afecc8
446,cad46c52
447,eb3ea322
448,7495528c
449,be09eb2a
450,a25308ca
451,bdad15d9
452,f214310c
453,7d23ced6
454,a7de2c1e
455,22679630
456,b8c0300e
457,9fb40472
458,d441a85b
459,a88ac2f3
460,46d2308b
461,428743d3
462,9627898b
463,9a009747
464,13e97817
465,f1bb7fde
466,f5403de1
467,0a14b267
468,e1c6fc19
469,a1e4986d
470,a3a26127
471,20b80c51
472,b67a2c57
473,8e3e445e
474,fc664857
475,a52ae1f2
476,9e00e8f3
477,a6934148
478,513e8837
479,f9e74bb4
480,79818e77
481,a3d1fd39
482,2c11ebe0
483,437f58c0
484,5306c075
485,f7e96c84
486,0aade5af
487,97ca4559
488,13264bec
489,99227ebd
490,cdb20e82
491,5c0de14a
492,1e246325
493,09a3b495
494,42deda70
495,e56797b3
496,6209b900
497,49520409
498,94aade1c
499,b99e8b60
500,7d83a2df
501,085763cb
502,155829df
503,a278d5b6
504,b6466f93
505,d4de0080
506,d3a63780
507,800a423d
508,e24b77a3
509,37859c31
510,e4e2dc43
511,a3f7feb5
512,1599a71a
513,b4e48f20
514,ee554715
515,cc1d4b9f
516,98663016
517,44f43e7d
518,c89554dd
519,12b88cb4
520,433d1c8a
521,6e5843d9
522,a60ed1dc
523,9fe5084d
524,e1dcc97e
525,653081b0
526,b01ed4d8
527,fa70be6e
528,dadf5c8d
529,7bfd9a4c
530,db887feb
531,6aa8a940
532,2ac36cf2
533,6f65cb24
534,eda4998c
535,183621cc
536,c253d955
537,d9fd6df5
538,6840550a
539,639afb05
540,693b74dd
541,24e85796
542,6c528b16
543,cecf9d42
544,2e9c51bd
545,ed42106d
546,2dbea0fb
547,88eb9fd5
548,f324ef90
549,d7947295
550,3609583c
551,df699fc3
552,607408b1
553,7cb9348f
554,94591047
555,362f6d86
556,f5b4dd53
557,81a933d0
558,da5de869
559,b7f00672
560,63436ccc
561,9fd40516
562,a80ee04c
563,a1263670
564,746a5932
565,ccc15df9
566,4d3e4fd4
567,5de6f9ea
568,ddc0e8a8
569,a63fd802
570,8e035aca
571,0c0df697
572,caf3875f
573,09170b60
574,84395abe
575,919043af
576,633881da
577,1b8bbeba
578,8216b9d1
579,971f0bee
580,c5cf72cc
581,b0247c21
582,1b413bff
583,dae67884
584,c5e308e4
585,6edc00bf
586,54828020
587,bcb0d3ca
588,940d784c
589,9e02a1a3
590,732f5087
591,714725f0
592,1b0a359a
593,57cd7075
594,1505c4a4
595,c77a99fe
596,1e13f197
597,a136ab37
598,396a428f
599,f30ca82b
600,84844b92
601,cba1f8d3
602,58030376
603,fd009078
604,05377eaf
605,37ee9e56
606,cebec7fd
607,78ced542
608,543cd1b2
609,01c88cb9
610,0c14b0d9
611,9dc01e6a
612,52144c71
613,0981fb7a
614,0adf81d6
615,d6918417
616,e7af4d6f
617,2884dc26
618,79ef9992
619,81d27d3f
620,d368dbac
621,52479eca
622,cd272c02
623,79efca61
624,a646a5ea
625,1b473de7
626,f85c98f3
627,a39cf1f3
628,a03c6e2a
629,c4c60de7
630,def86d2c
631,b0b79c2f
632,6adf3683
633,9749b9a7
634,1e098870
635,56de3c0d
636,861c5ef2
637,e6282537
638,9896258a
639,696a803e
640,0e3b4f58
641,9a5b88c3
642,3cfe9355
643,6b2f7aac
644,357dae0f
645,de18823f
646,50a37479
647,de73c190
648,1e61b71b
649,fe816299
650,fa262744
651,df98d74b
652,840c6f68
653,bc0475f9
654,5b810fc8
655,fdba69ba
656,52f4c330
657,dae913af
658,b409b7bd
659,0b9d9930
660,b6360be3
661,523bfb75
662,80e4af00
663,5bc0a625
664,039e0bc9
665,1de525ef
666,a3e21136
667,e7cdb486
668,a02d87dc
669,da12f8b2
670,a86bfbf1
671,1e17834b
672,56c0e84d
673,196009d5
674,591c12bc
675,bf697a21
676,e82692ea
677,67a7dc00
678,897ab945
679,2f6c173a
680,95393d7f
681,82606f79
682,c7730597
683,bf2ef53e
684,e2dd04f0
685,17cef23f
686,6a83a16b
687,65ab2050
688,9f15dfca
689,3e48869b
690,b3a5ffd7
691,055b767e
692,67cd7f5b
693,49728f88
694,4ef495c1
695,b7cf2df6
696,f1a40d10
697,3e16750d
698,50ed14e9
699,607dd515
700,28baa207
701,1b5fd327
702,293c68cc
703,ede703ce
704,c4b4230f
705,42061b81
706,80950818
707,3643fd09
708,450e7fac
709,e18909ae
710,4d2cb72b
711,ff13b324
712,41b59a37
713,ae7f6cf6
714,eff44508
715,dcedf517
716,9f459311
717,048924db
718,abbbaadf
719,59512210
720,20280b87
721,72c0b920
722,02a2dbb4
723,17e24816
724,b17bca62
725,4cdb3272
726,02ccf23b
727,10217ecb
728,33874352
729,f094d210
730,e1e40abb
731,d385175c
732,54c8fc5e
733,34476f1d
734,ac29bf0a
735,64ddaf87
736,2fbe2f9c
737,debe2569
738,55dfe09a
739,265be764
740,6ba10921
741,1991d7a7
742,53e2e83e
743,cb2d2b93
744,06c43051
745,5fdca5c4
746,6a458d75
747,84379d16
748,8ded0a4a
749,8dfcfe8e
750,f3a2387d
751,b884fccb
752,c43f4399
753,4481aecc
754,1cc7b6a2
755,23ef3958
756,864750c6
757,c8b5e780
758,9be76b16
759,054feaf0
760,fc8ff682
761,afd7e4f0
762,a7f6aed5
763,d3c786d3
764,4759e08b
765,535d10c8
766,ec4a7382
767,8f0d898e
768,4c2ab398
769,71362def
770,59dc3957
771,babd20fb
772,ec2c8094
773,36703f36
774,ef23a4c7
775,d299c570
776,a394987b
777,052b5e0f
778,5024ac76
779,05968617
780,29f7ff17
781,e85449cf
782,2dc71a23
783,5655416f
784,07c5bf99
785,2f0d284f
786,cc42d9d1
787,a1dfca04
788,c97c7577
789,dcf7d0a4
790,a9d5bd86
791,3da9a6fc
792,3680551e
793,a9116f5a
794,b60b2c0e
795,90a013c8
796,89f6f97a
797,9202a040
798,ba5e7391
799,66042bcb
800,c553064c
801,c2290052
802,c18ce6ac
803,7385e8ff
804,5d027346
805,663a3390
806,ca9edd79
807,75baa98a
808,79a707d8
809,5909453c
810,56983c46
811,8ee93e9a
812,148ec681
813,16e1b879
814,95888ea9
815,f4083007
816,895b93a3
817,585c2bdb
818,05964f31
819,4a59bc7e
820,f2f862a4
821,42676d19
822,6976e76c
823,1e4a1fc6
824,a33a387f
825,0787ed3a
826,20285f99
827,5de090ca
828,9229ca4a
829,560a3706
830,97f26838
831,40645def
832,9e0817df
833,09483218
834,2e159f61
835,0415f459
836,120359d2
837,e3945539
838,66a05466
839,fcce5942
840,d35e1c4f
841,6cf44cb6
842,015ac5d0
843,e4fa4b64
844,133dd5e5
845,23fe274c
846,38577bd6
847,f3ff031c
848,80f1836b
849,02224cb9
850,929a9e1d
851,635e73f9
852,4973e1d2
853,b9606cef
854,733e1559
855,2df3e7d3
856,0482c960
857,1f66e1e7
858,54536408
859,f7d201b7
860,aea41000
861,4a23eb7a
862,0c40aa4d
863,bf7fd747
864,2a7b59c6
865,4c99f5bc
866,dbfa65f0
867,a6fafb10
868,a99c4aaf
869,faf2a4c6
870,8ac80355
871,99110f58
872,7b5bcc01
873,9898a244
874,fc4eb432
875,7a3a4a7e
876,b3e8317d
877,ea04dec8
878,e8274f27
879,8a14537a
880,8ba7fc73
881,7d35c651
882,4d9b07bf
883,ee2177f3
884,42aa8096
885,a1c26bdd
886,714d58d7
887,e0000494
888,5981fa64
889,6b47c43a
890,c7258b7a
891,5524e81e
892,dea02f5d
893,ebc2bc43
894,eaee2658
895,af7b4d1d
896,ea9c2d0b
897,b358309d
898,57eb43cd
899,7b9b764d
900,f8ed6af4
901,4a96488d
902,61f94479
903,258ccda9
904,d8c82c5f
905,036733ac
906,7cf364b5
907,868e0551
908,4e3065aa
909,8923e41d
910,f18e3718
911,8f1330af
912,2f7a9647
913,f64b8204
914,c30f6a4d
915,71a49c96
916,345cf52a
917,d0ba0720
918,23a73a2c
919,2a0c5f11
920,be5538fc
921,f5c35203
922,ef50502e
923,43642b24
924,fb7dd8e5
925,dd4c549b
926,3ef6c531
927,4e3adee7
928,f3f4dc9c
929,7892df67
930,2b99fc8f
931,7dea997f
932,c6457faa
933,87472094
934,a285fd88
935,a43d06d2
936,c04efcad
937,7d63281f
938,b5c3e96c
939,10628e3d
940,29e4f431
941,ca1787a5
942,fca588dd
943,c9acbcf8
944,76db8726
945,a2b1fb40
946,40f1fa0c
947,c56eee3c
948,8d7d43df
949,34e96ad2
950,214d6cb5
951,fc58ce67
952,07527296
953,3da7bb22
954,ccda93ce
955,39550f8e
956,97ff3474
957,53cc8116
958,0b18a12f
959,fbc5bbc0
960,8c542646
961,6d8603d1
962,0f81aa30
963,0b3f266f
964,4e063fbc
965,54619d9d
966,8253df7e
967,347d9567
968,dbdeaada
969,fe2f84e7
970,8de87eed
971,041cf26d
972,082b43bd
973,0f5af6df
974,c0e4c04e
975,cf7c3bec
976,7cf40200
977,7363d407
978,90c01593
979,edbb170b
980,d3027ea1
981,15935799
982,d256ef74
983,5459ac8e
984,85f04516
985,72126f6c
986,cf41105d
987,1976d5b9
988,07f03051
989,3b446c4f
990,401f6d7b
991,8b1389ca
992,798115e6
993,da9be533
994,496d31e8
995,7c3e8c82
996,75d907d9
997,7e4796ed
998,199e426c
999,537dd98d
1000,7f5a4821
1001,27a417a9
1002,a2951f7a
1003,7d428bcd
1004,a3077e28
1005,6473bafe
1006,2f13e065
1007,1620a71d
1008,895f1c67
1009,818424cc
1010,1706d48f
1011,74246249
1012,7e5bc879
1013,dbceba05
1014,11dcef49
1015,08900c95
1016,4540072b
1017,01abe329
1018,108f3374
1019,cc41aac0
1020,7d40c05f
1021,7b5fddf4
1022,e095cb1b
1023,bf8618e4
1024,a1197201
1025,dd3767de
1026,399dfa36
1027,2f0dc824
1028,1f299e94
1029,bdd6195d
1030,eb2addff
1031,c2aa962f
1032,23bb5d61
1033,da34c693
1034,f162a327
1035,00c4539b
1036,2641a305
1037,6b3bce3c
1038,2d29105d
1039,2e139d25
1040,4a121456
1041,3ef9ea6f
1042,6bd98695
1043,ee150212
1044,e249d9a5
1045,5aff292c
1046,645cbe32
1047,984d078a
1048,969e7d19
1049,bb71d3f4
1050,c68615a0
