fn,file,stage,Ir,Dr,Dw,I1mr,D1mr,D1mw,hw_cycles
R_RenderSegLoopX,/home/user/wt/rcache/src/r_segs.c,render:walls,900091767,277716772,104249270,9806721,13723446,6248445,2466073385
R_DrawColumn_8,/home/user/wt/rcache/src/r_draw8.c,render:drawers(col/span),496517461,114315884,52823195,218698,4379198,19682869,1784690311
R_StoreWallRange,/home/user/wt/rcache/src/r_segs.c,render:walls,314006296,98228610,59812552,19899949,6722169,4032128,1633072969
R_DrawSpan_8,/home/user/wt/rcache/src/r_draw8.c,render:drawers(col/span),377830993,66043274,29756360,33482,11630326,938047,1123086248
R_AddSprites,/home/user/wt/rcache/src/r_things.c,render:sprites/masked,216931859,62585589,40442260,6989650,4627848,1488855,818493176
R_CreateDrawNodes.constprop.0,/home/user/wt/rcache/src/r_things.c,render:sprites/masked,371820002,51841660,6688934,68182,4190769,1039182,768789868
R_RenderBSPNode'2,/home/user/wt/rcache/src/r_bsp.c,render:bsp/setup,145947314,51019634,28376698,5887635,5421366,1807860,691492119
R_ClipSprites,/home/user/wt/rcache/src/r_things.c,render:sprites/masked,261877895,58548986,13610234,66461,6940538,811763,664270019
R_RenderMaskedSegRange,/home/user/wt/rcache/src/r_segs.c,render:walls,244937537,68260772,32016105,121759,4827570,293098,559779043
R_FindPlane,/home/user/wt/rcache/src/r_plane.c,render:planes,126628264,31236466,20324040,4558285,2421489,2896384,549326540
R_DrawMaskedColumn,/home/user/wt/rcache/src/r_things.c,render:sprites/masked,248322972,69975174,44813733,18677,3175479,38494,504001374
R_AddLine,/home/user/wt/rcache/src/r_bsp.c,render:bsp/setup,85839501,30851989,16325007,1650467,4284017,301945,344231015
P_MobjThinker,/home/user/wt/rcache/src/p_mobj.c,tick:thinkers,115296393,34974106,12928455,299898,7361629,31853,331548472
R_DrawTiltedSpan_8,/home/user/wt/rcache/src/r_draw8.c,render:drawers(col/span),112375114,34090479,6250512,124361,1491385,166073,255380339
V_DrawStretchyFixedPatch,/home/user/wt/rcache/src/v_video.c,render:hud/video,97430563,16134733,6294641,57471,483321,940034,218856505
R_PointToAngle64,/home/user/wt/rcache/src/r_main.c,tick:collision/sight,107944900,12950600,0,1373478,1905544,0,203620948
PS2_FixedDivMag,/home/user/wt/rcache/src/m_fixed.c,tick:collision/sight,101557324,5629847,0,2396142,284152,0,190470372
R_DrawSinglePlane.part.0,/home/user/wt/rcache/src/r_plane.c,render:planes,85009519,21357698,4765770,216937,919508,334356,185567090
R_MapPlane,/home/user/wt/rcache/src/r_plane.c,render:planes,69705555,16831416,9232179,50405,1402376,151053,162819808
R_ScaleFromGlobalAngle,/home/user/wt/rcache/src/r_segs.c,render:walls,40117413,5943336,1485829,1133352,1120977,2357,144759682
P_CrossBSPNode'2,/home/user/wt/rcache/src/p_sight.c,tick:collision/sight,53401954,19026890,6939074,29410,2931837,224766,141148579
R_FakeFlat,/home/user/wt/rcache/src/r_bsp.c,render:bsp/setup,38880680,10752808,5786614,755642,1264953,213495,138278525
R_AddSingleSpriteDef,/home/user/wt/rcache/src/r_things.c,render:sprites/masked,34565436,9819693,2520952,31950,2436634,8647,131266039
R_CalcSlopeLight,/home/user/wt/rcache/src/r_draw.c,render:drawers(col/span),63321874,1481550,4134966,96454,31994,48184,110807439
V_DrawCroppedPatch,/home/user/wt/rcache/src/v_video.c,render:hud/video,34038020,9171760,3910800,400,33565,1280565,108346727
R_DrawWaterSpan_8,/home/user/wt/rcache/src/r_draw8.c,render:drawers(col/span),38589907,9310970,2449067,19671,463456,76955,85626302
Portal_AddPlanePortals,/home/user/wt/rcache/src/r_portal.c,render:bsp/setup,21756739,5145642,36204,18147,1542321,747,82662650
R_RenderThickSideRange,/home/user/wt/rcache/src/r_segs.c,render:walls,28626960,8260530,3898574,141840,656556,92156,75035382
R_Prep3DFloors,/home/user/wt/rcache/src/r_bsp.c,render:bsp/setup,16460025,4228056,3070945,966408,139021,62216,71660391
R_CheckPlane,/home/user/wt/rcache/src/r_plane.c,render:planes,19729139,4878835,2059590,614837,329275,158037,71535691
R_PointToDist2,/home/user/wt/rcache/src/r_main.c,tick:collision/sight,27442515,2487710,2072698,628228,418195,65596,62908569
R_InterpolateMobjState,/home/user/wt/rcache/src/r_fps.c,tick:specials/interp,26176532,10833024,5867888,171641,1082486,35633,62601631
R_PointOnSide,/home/user/wt/rcache/src/r_main.c,render:bsp/setup,18026453,2714772,0,339137,561778,0,59952108
P_CycleMobjState,/home/user/wt/rcache/src/p_mobj.c,tick:thinkers,19916070,6949906,3121181,30164,1292142,101233,59892621
P_Ticker,/home/user/wt/rcache/src/p_tick.c,tick:thinkers,9598293,3832639,2514456,34657,1387402,8681,51406187
P_SectorHasCeilingPortal,/home/user/wt/rcache/src/p_spec.c,tick:specials/interp,4281906,2140953,0,783048,440372,0,48163273
R_Render2sidedMultiPatchColumn,/home/user/wt/rcache/src/r_segs.c,render:walls,21247180,6242102,2232280,20418,365279,3239,46682164
R_DrawNodeClaims,/home/user/wt/rcache/src/r_things.c,render:sprites/masked,15770079,7034103,2130407,12261,661180,406,46174622
R_DrawMasked,/home/user/wt/rcache/src/r_things.c,render:sprites/masked,6753241,2445002,1788164,38600,719082,378997,45550411
R_Draw2sMultiPatchColumn_8,/home/user/wt/rcache/src/r_draw8.c,render:drawers(col/span),17269283,3610400,1435521,20890,170663,188251,43484953
A_AttractChase,/home/user/wt/rcache/src/p_enemy.c,tick:thinkers,34831897,6247960,3391871,42143,371692,7140,42581105
P_GetZAt,/home/user/wt/rcache/src/p_slopes.c,tick:collision/sight,34372919,6791843,0,226227,107971,0,41429514
R_PlaneBounds,/home/user/wt/rcache/src/r_plane.c,render:planes,18586421,3972749,127034,2405,326096,16658,40829521
R_GetShadowZInterp,/home/user/wt/rcache/src/r_things.c,render:sprites/masked,7999782,2668154,1194514,510170,208270,35601,40829217
R_CheckSectorLightLists.part.0,/home/user/wt/rcache/src/r_bsp.c,render:bsp/setup,9412620,3107802,1864926,498285,136940,14532,39896543
P_DivlineSide,/home/user/wt/rcache/src/p_sight.c,tick:collision/sight,30508377,8121477,0,1151,454801,0,39555022
R_GetBlendTable,/home/user/wt/rcache/src/r_draw.c,render:drawers(col/span),7217084,1802085,1200478,592479,94038,1126,39329689
Tag_Compare,/home/user/wt/rcache/src/taglist.c,other,8094795,2820552,0,476989,198336,0,38291590
P_GetSectorFloorZAt,/home/user/wt/rcache/src/p_slopes.c,tick:collision/sight,15972174,6229247,0,270196,441128,0,37582863
R_ThingVisible,/home/user/wt/rcache/src/r_things.c,render:sprites/masked,8501929,2346528,584938,118672,542186,2,34941490
R_PointInSubsector,/home/user/wt/rcache/src/r_main.c,tick:collision/sight,16104466,4052535,1220207,147635,417970,68439,34151010
R_ThingWithinDist,/home/user/wt/rcache/src/r_things.c,render:sprites/masked,7396425,2662713,1183428,74345,599784,15117,33538619
P_CheckPosition,/home/user/wt/rcache/src/p_map.c,tick:collision/sight,13956596,3270682,2499107,195515,294174,166692,33478959
R_GetVisSprite,/home/user/wt/rcache/src/r_things.c,render:sprites/masked,16214688,4052646,2702913,45727,130631,37104,33426148
P_KillRingsInLava,/home/user/wt/rcache/src/p_mobj.c,tick:thinkers,10167521,3601265,1361000,39341,697021,0,31104278
R_DrawVisSprite,/home/user/wt/rcache/src/r_things.c,render:sprites/masked,12407549,3961742,2243785,70337,216147,39234,30802576
P_MobjCheckWater,/home/user/wt/rcache/src/p_mobj.c,tick:thinkers,11425958,3609009,2023798,213466,372582,36072,30485168
R_ApplyLevelInterpolators,/home/user/wt/rcache/src/r_fps.c,tick:specials/interp,19055400,2706900,1440600,22159,330772,106055,30146307
P_GetFFloorTopZAt,/home/user/wt/rcache/src/p_slopes.c,tick:collision/sight,9161707,5355215,0,76601,619384,0,29412840
new_visplane,/home/user/wt/rcache/src/r_plane.c,render:planes,3571383,1098067,687326,153329,492189,22847,27435346
R_BlendLevelVisible,/home/user/wt/rcache/src/r_draw.c,render:drawers(col/span),4405545,881109,0,339611,151912,0,26878659
V_CubeApply.part.0,/home/user/wt/rcache/src/v_video.c,render:hud/video,15554560,4157440,1792000,111,6431,0,25745190
R_DrawNodeRect,/home/user/wt/rcache/src/r_things.c,render:sprites/masked,9120126,2049392,1658280,4829,269857,7903,23467741
R_UsingFrameInterpolation,/home/user/wt/rcache/src/r_fps.c,tick:specials/interp,5479524,1826508,0,349257,161053,0,23447401
R_DrawColumnShadowed_8,/home/user/wt/rcache/src/r_draw8.c,render:drawers(col/span),9171437,2856760,1399019,40130,150416,12444,23145445
R_CreateDrawNode,/home/user/wt/rcache/src/r_things.c,render:sprites/masked,4996757,1015485,1989768,2410,111162,358389,22369270
R_ProjectBoundingBox,/home/user/wt/rcache/src/r_things.c,render:sprites/masked,7692282,2958570,2366856,163606,34471,67304,22199990
R_ThingBoundingBoxVisible,/home/user/wt/rcache/src/r_bbox.c,other,7115231,1101993,0,73551,234287,0,21627750
R_ClearFFloorClipArrays,/home/user/wt/rcache/src/r_plane.c,render:planes,11975634,112969,903355,31088,12415,1615,21284467
P_GetFFloorBottomZAt,/home/user/wt/rcache/src/p_slopes.c,tick:collision/sight,7617683,4017187,0,195638,221625,0,20932529
P_BlockLinesIterator,/home/user/wt/rcache/src/p_maputl.c,tick:collision/sight,8114015,2569594,1015287,50492,382761,4678,20521899
R_DrawPlanes,/home/user/wt/rcache/src/r_plane.c,render:planes,4922790,1046369,45640,4522,389118,2188,19985217
P_SetMobjState,/home/user/wt/rcache/src/p_mobj.c,tick:thinkers,3974605,895739,963694,78517,89393,349486,19676714
R_ClearPlanes,/home/user/wt/rcache/src/r_plane.c,render:planes,7209077,1218744,1835399,4207,206374,47099,19583321
PS2NS_Append.constprop.0,/home/user/wt/rcache/src/ps2/ps2_nodescan.h,other,10397028,2487513,2701558,4709,2913,71023,19440208
R_IsEmptyLine,/home/user/wt/rcache/src/r_bsp.c,render:bsp/setup,5393553,1592336,946512,213147,68736,8,19424623
R_DrawSkyPlane,/home/user/wt/rcache/src/r_plane.c,render:planes,6011372,2314865,1247399,5324,302422,4043,19255524
P_SectorHasPortal,/home/user/wt/rcache/src/p_spec.c,tick:specials/interp,5205816,1419768,0,358847,2275,0,18835612
DVector3_Copy,/home/user/wt/rcache/src/m_vector.c,other,3673584,1836792,1224528,2123,271173,101855,17294305
P_GetLightZAt,/home/user/wt/rcache/src/p_slopes.c,tick:collision/sight,4697670,2265715,0,150476,238565,0,17158667
R_PointToAngle2,/home/user/wt/rcache/src/r_main.c,tick:collision/sight,2311486,208199,104096,312795,89009,100,17144744
T_DynamicSlopeLine,/home/user/wt/rcache/src/p_slopes.c,tick:collision/sight,5890482,1940679,1021410,7377,350654,59,15810411
P_SectorHasFloorPortal,/home/user/wt/rcache/src/p_spec.c,tick:specials/interp,1978284,989142,0,201061,197284,0,15638146
P_CompareSectorPortals,/home/user/wt/rcache/src/p_spec.c,tick:specials/interp,3350346,558391,0,317608,6,0,15544918
P_SectorGetCeilingPortal,/home/user/wt/rcache/src/p_spec.c,tick:specials/interp,2478564,1239282,0,307666,7891,0,14644692
UpdateLevelInterpolatorState,/home/user/wt/rcache/src/r_fps.c,tick:specials/interp,6130004,1891496,1555908,7411,284053,5,14015187
PIT_DoCheckThing,/home/user/wt/rcache/src/p_map.c,tick:collision/sight,4840559,1636517,618426,164401,104427,6533,14008658
P_UpdateSpecials,/home/user/wt/rcache/src/p_spec.c,tick:specials/interp,11589318,1957527,773955,3159,37912,86357,13679835
R_GetPlaneLight,/home/user/wt/rcache/src/r_bsp.c,render:bsp/setup,4408726,1101898,0,140217,22532,0,13507590
P_AproxDistance,/home/user/wt/rcache/src/p_maputl.c,tick:collision/sight,5503068,305726,0,220504,3,0,13485742
P_ZMovement,/home/user/wt/rcache/src/p_mobj.c,tick:thinkers,2639232,855228,313834,236487,40193,19301,13481837
M_AATreeGet,/home/user/wt/rcache/src/m_aatree.c,other,3408291,954862,609815,1820,248121,0,13100337
R_DrawTranslatedColumn_8,/home/user/wt/rcache/src/r_draw8.c,render:drawers(col/span),5478617,2324523,346373,3719,41683,40437,12409345
standardpdraw,/home/user/wt/rcache/src/v_video.c,render:hud/video,6400000,2560000,0,20,22907,0,11402395
Portal_ClipApply,/home/user/wt/rcache/src/r_portal.c,render:bsp/setup,4659898,717840,1497659,16275,39650,60558,11291693
P_SectorGetFloorPortal,/home/user/wt/rcache/src/p_spec.c,tick:specials/interp,1320654,660327,0,162717,120532,0,11244288
R_PointOnSegSide,/home/user/wt/rcache/src/r_main.c,render:bsp/setup,3063257,733355,0,4122,183339,0,10683677
CON_Drawer,/home/user/wt/rcache/src/console.c,render:hud/video,5394949,4280981,4156309,7382,18024,8797,10206830
P_GetSectorCeilingZAt,/home/user/wt/rcache/src/p_slopes.c,tick:collision/sight,7321992,3470946,0,56655,56411,0,10166103
P_CreateSecNodeList,/home/user/wt/rcache/src/p_map.c,tick:collision/sight,2435921,528557,429625,109063,49807,47267,9339910
PIT_CheckLine,/home/user/wt/rcache/src/p_map.c,tick:collision/sight,5332828,2327780,864313,40433,96484,1315,9072453
R_RestoreLevelInterpolators,/home/user/wt/rcache/src/r_fps.c,tick:specials/interp,3446100,1367100,618450,5285,193247,4204,9056528
R_MapTiltedPlane,/home/user/wt/rcache/src/r_plane.c,render:planes,3058074,987700,790160,13813,105248,824,8744816
R_IsPointInSector,/home/user/wt/rcache/src/r_main.c,tick:collision/sight,2976483,661514,264685,73306,91376,15171,8652107
P_IsObjectInGoop,/home/user/wt/rcache/src/p_user.c,tick:thinkers,8486484,2828888,0,34452,1347,0,8613317
R_ClipSolidWallSegment,/home/user/wt/rcache/src/r_bsp.c,render:bsp/setup,2154546,497832,348591,90974,36861,6144,8458968
Portal_ClipVisplane,/home/user/wt/rcache/src/r_portal.c,render:bsp/setup,3667008,769872,628220,3138,14124,27551,7383541
P_MobjFloorZSlope,/home/user/wt/rcache/src/p_mobj.c,tick:thinkers,2901388,765201,542347,90658,16867,25298,7351062
R_GetShadowZ,/home/user/wt/rcache/src/r_things.c,render:sprites/masked,2719872,528864,906624,44721,9391,19530,7112519
R_DrawTranslatedTranslucentColumn_8,/home/user/wt/rcache/src/r_draw8.c,render:drawers(col/span),3407085,1561315,203377,1121,30567,75,6852451
P_MoveChaseCamera,/home/user/wt/rcache/src/p_user.c,tick:thinkers,1039222,313934,117235,113661,42397,3660,6809201
P_BlockThingsIterator,/home/user/wt/rcache/src/p_maputl.c,tick:collision/sight,2584335,705960,189091,6876,142729,344,6758225
R_GetTranslucencyTable,/home/user/wt/rcache/src/r_draw.c,render:drawers(col/span),2153965,652710,391631,35546,42499,18,6651427
P_SetTarget2,/home/user/wt/rcache/src/p_tick.c,tick:thinkers,4388615,927992,676647,17945,31672,37805,6522771
G_BuildTiccmd,/home/user/wt/rcache/src/g_game.c,tick:other,940138,303192,93658,104776,48544,2115,6507857
P_LineOpening,/home/user/wt/rcache/src/p_maputl.c,tick:collision/sight,1125356,414647,177943,107101,32006,7794,6432115
R_PointToDist,/home/user/wt/rcache/src/r_main.c,tick:collision/sight,2461830,820610,0,94694,18390,0,6426595
lzf_compress,/home/user/wt/rcache/src/lzf.c,other,3074943,566889,109447,13,19183,13694,6024603
R_FFloorCanClip,/home/user/wt/rcache/src/r_segs.c,render:walls,1447693,556805,0,6313,113043,0,6015610
P_SetThingPosition,/home/user/wt/rcache/src/p_maputl.c,tick:collision/sight,2098718,522020,534889,54648,42320,19279,5813180
R_DrawDropShadowColumn_8,/home/user/wt/rcache/src/r_draw8.c,render:drawers(col/span),2484806,809342,224652,10902,32081,0,5790254
R_RenderPlayerView,/home/user/wt/rcache/src/r_main.c,render:bsp/setup,473953,136134,154984,54528,58253,28506,5560382
R_GetTranslationForThing,/home/user/wt/rcache/src/r_things.c,render:sprites/masked,1006304,212417,0,21831,99182,0,5497359
R_InstallSpriteLump,/home/user/wt/rcache/src/r_things.c,render:sprites/masked,1372691,187004,345037,33607,16364,45610,5452422
R_AllocDrawSegFrontScale,/home/user/wt/rcache/src/r_segs.c,render:walls,649913,235156,61099,58182,68422,189,5450382
CV_RegisterVar,/home/user/wt/rcache/src/command.c,tick:other,814595,205232,101208,1257,145688,654,5131152
P_IsSectorPortalValid,/home/user/wt/rcache/src/p_spec.c,tick:specials/interp,2366280,473256,0,76465,15,0,5065178
P_MobjSceneryThink,/home/user/wt/rcache/src/p_mobj.c,tick:thinkers,1467306,426530,208830,81784,12160,4176,5005420
P_LookForPlayers,/home/user/wt/rcache/src/p_enemy.c,tick:thinkers,1600450,369984,219118,17974,83656,12166,4950479
FV3_SubEx,/home/user/wt/rcache/src/m_fixed.c,tick:collision/sight,1018580,509290,203716,1056,32550,101850,4937790
P_SceneryZMovement,/home/user/wt/rcache/src/p_mobj.c,tick:thinkers,1630503,577157,210543,64569,24545,0,4701448
increment_move,/home/user/wt/rcache/src/p_map.c,tick:collision/sight,1139089,314632,113001,67314,20731,11870,4636308
R_Draw2sMultiPatchTranslucentColumn_8,/home/user/wt/rcache/src/r_draw8.c,render:drawers(col/span),1580144,395911,106844,1742,48281,240,4599318
P_CheckSight,/home/user/wt/rcache/src/p_sight.c,tick:collision/sight,883040,223303,140450,28300,57959,25924,4397130
LoadPalette,/home/user/wt/rcache/src/v_video.c,render:hud/video,2115123,541785,790659,555,5768,12535,4219591
R_CalculatePlaneRipple,/home/user/wt/rcache/src/r_plane.c,render:planes,1005100,264500,105800,1622,81061,15,4143846
CalcSlopeLightVectors,/home/user/wt/rcache/src/r_plane.c,render:planes,974666,240502,126580,18746,36207,12685,3813425
P_PointOnLineSide,/home/user/wt/rcache/src/p_maputl.c,tick:collision/sight,1874404,392085,0,26407,36631,0,3744327
P_SetupStateAnimation,/home/user/wt/rcache/src/p_mobj.c,tick:thinkers,931278,326543,162678,54997,3120,15754,3555636
ST_drawLivesArea,/home/user/wt/rcache/src/st_stuff.c,render:hud/video,405156,284454,247800,19968,40633,11614,3552379
R_CalculateRippleOffset,/home/user/wt/rcache/src/m_fixed.h,tick:collision/sight,1904400,370300,105800,6723,52020,0,3444067
P_SetMobjState'2,/home/user/wt/rcache/src/p_mobj.c,tick:thinkers,760387,167973,178405,1122,22461,69020,3433965
P_GetSlopeZAt,/home/user/wt/rcache/src/p_slopes.c,tick:collision/sight,1787577,379183,0,41851,5192,0,3345305
P_PlayerThink,/home/user/wt/rcache/src/p_user.c,tick:thinkers,457962,133846,30503,63864,10948,1061,3303089
V_DrawFontCharacter,/home/user/wt/rcache/src/v_video.c,render:hud/video,1707620,317912,279526,667,11180,229,3280686
M_CheckParm,/home/user/wt/rcache/src/m_argv.c,other,1268180,196106,179046,11222,16027,3177,3102698
P_UnsetThingPosition,/home/user/wt/rcache/src/p_maputl.c,tick:collision/sight,501501,152019,118062,17759,31060,33757,3080042
R_PointToAngle,/home/user/wt/rcache/src/r_main.c,tick:collision/sight,701558,119524,29881,40615,28531,72,3077470
TrimVisplaneBounds.part.0.isra.0,/home/user/wt/rcache/src/r_portal.c,render:bsp/setup,1543185,390266,122899,3154,13927,2,3072277
P_CheckDeathPitCollide,/home/user/wt/rcache/src/p_mobj.c,tick:thinkers,2496171,919653,262746,7925,18603,1579,3038710
SlopeDiv,/home/user/wt/rcache/src/tables.c,tick:collision/sight,1607724,133977,0,39602,0,0,2947106
R_ExpandPlane,/home/user/wt/rcache/src/r_plane.c,render:planes,291539,130444,30651,25298,47926,0,2927337
R_SkewShadowSprite.constprop.0,/home/user/wt/rcache/src/r_things.c,render:sprites/masked,653536,172480,141120,27729,24493,0,2914658
DoSlopeCrossProducts,/home/user/wt/rcache/src/r_plane.c,render:planes,721506,189870,164554,23330,25317,0,2874775
P_PlayerZMovement,/home/user/wt/rcache/src/p_mobj.c,tick:thinkers,943879,351898,8613,7230,55955,8,2768309
P_RunOverlays,/home/user/wt/rcache/src/p_mobj.c,tick:thinkers,444933,152517,77838,9477,51180,15428,2754533
Net_AckTicker,/home/user/wt/rcache/src/netcode/d_net.c,tick:other,1033956,221562,6714,5595,54831,0,2745316
HandleNodeTimeouts.part.0,/home/user/wt/rcache/src/netcode/d_clisrv.c,tick:other,860511,146589,3357,3290,60588,0,2678780
ST_overlayDrawer,/home/user/wt/rcache/src/st_stuff.c,render:hud/video,183297,62125,23168,30636,26586,2099,2673141
DVector3_Cross,/home/user/wt/rcache/src/m_vector.c,other,1012640,455688,151896,12178,12663,4246,2653429
P_GetSectorLightNumAt,/home/user/wt/rcache/src/p_map.c,tick:collision/sight,1171061,291821,232693,40319,2,1173,2640834
P_GetMobjGravity,/home/user/wt/rcache/src/p_mobj.c,tick:thinkers,674323,191392,73126,41706,11877,14,2596660
P_MovePlayer,/home/user/wt/rcache/src/p_user.c,tick:thinkers,317261,96984,25726,48841,2582,3308,2399313
P_TryMove,/home/user/wt/rcache/src/p_map.c,tick:collision/sight,571028,153207,127415,42169,1437,4276,2342267
V_DrawFontStringAtFixed,/home/user/wt/rcache/src/v_video.c,render:hud/video,723299,170779,84107,15828,10170,2333,2318243
PIT_GetSectors,/home/user/wt/rcache/src/p_map.c,tick:collision/sight,976281,488300,74942,15604,28013,158,2296979
HighestOnLine,/home/user/wt/rcache/src/p_mobj.c,tick:thinkers,950404,145373,107503,33856,3697,0,2270901
P_IsObjectOnGround,/home/user/wt/rcache/src/p_user.c,tick:thinkers,687438,271838,0,37724,4613,0,2230159
P_CrossBSPNode,/home/user/wt/rcache/src/p_sight.c,tick:collision/sight,871075,267889,129799,9849,23382,12014,2194336
P_SceneryThinker,/home/user/wt/rcache/src/p_mobj.c,tick:thinkers,861200,295198,136692,29421,4299,2180,2101334
G_Ticker,/home/user/wt/rcache/src/g_game.c,tick:other,1056245,172352,21032,21016,11799,30,2090993
FV3_MulEx,/home/user/wt/rcache/src/m_fixed.c,tick:collision/sight,2342550,407400,305550,2108,0,0,2070330
V_DrawAlignedFontStringAtFixed,/home/user/wt/rcache/src/v_video.c,render:hud/video,638110,477620,482050,10702,2304,11990,2045275
A_Chase,/home/user/wt/rcache/src/p_enemy.c,tick:thinkers,302502,89292,25628,33333,12618,0,1968321
P_BoxOnLineSide,/home/user/wt/rcache/src/p_maputl.c,tick:collision/sight,793605,207576,60764,27709,6111,115,1967957
P_3dMovement,/home/user/wt/rcache/src/p_user.c,tick:thinkers,295298,72403,41143,37273,3787,3167,1949893
S_UpdateSounds,/home/user/wt/rcache/src/s_sound.c,other,357237,133008,14430,14509,25218,0,1922172
P_InterceptVector2.isra.0,/home/user/wt/rcache/src/p_sight.c,tick:collision/sight,1958040,163170,97902,1010,1,5916,1877933
R_RenderBSPNode,/home/user/wt/rcache/src/r_bsp.c,render:bsp/setup,387276,135704,51382,6510,26526,5059,1842436
P_GetColormapFromSectorAt,/home/user/wt/rcache/src/p_map.c,tick:collision/sight,690384,250168,186251,21829,7725,527,1706026
R_PointInSubsectorOrNull,/home/user/wt/rcache/src/r_main.c,tick:collision/sight,690037,109896,9155,7385,26930,100,1691312
FV2_SubEx,/home/user/wt/rcache/src/m_fixed.c,tick:collision/sight,712950,305550,101850,1055,1050,33600,1686138
R_InterpolateView,/home/user/wt/rcache/src/r_fps.c,tick:specials/interp,538636,100800,66148,13993,16577,4311,1643015
P_PlayerAfterThink,/home/user/wt/rcache/src/p_user.c,tick:thinkers,157950,38961,14742,26850,14364,2,1638890
P_XYMovement,/home/user/wt/rcache/src/p_mobj.c,tick:thinkers,324240,98764,48079,26746,7529,949,1599070
P_AddSecnode,/home/user/wt/rcache/src/p_map.c,tick:collision/sight,498312,139027,112551,21933,7247,1911,1574528
P_CheckCameraPosition,/home/user/wt/rcache/src/p_map.c,tick:collision/sight,487166,113167,66693,17577,8180,6061,1543329
R_GetTranslationColormap,/home/user/wt/rcache/src/r_draw.c,render:drawers(col/span),164792,62496,35232,11667,18327,196,1477584
FV2_MulEx,/home/user/wt/rcache/src/m_fixed.c,tick:collision/sight,1629600,305550,203700,2107,0,0,1465852
V_FontStringWidth,/home/user/wt/rcache/src/v_video.c,render:hud/video,381110,94690,39495,6663,11928,2203,1456144
TryRunTics,/home/user/wt/rcache/src/netcode/d_clisrv.c,tick:other,126088,32566,31525,23117,6320,7356,1441857
R_GetFFloorSide,/home/user/wt/rcache/src/r_main.c,render:bsp/setup,126170,63085,0,1088,33660,0,1260028
ST_drawTime,/home/user/wt/rcache/src/st_stuff.c,render:hud/video,100800,36750,14700,16723,10447,0,1251944
R_DrawTranslucentColumn_8,/home/user/wt/rcache/src/r_draw8.c,render:drawers(col/span),532848,174735,55256,815,8435,62,1245461
PIT_CheckThing,/home/user/wt/rcache/src/p_map.c,tick:collision/sight,618261,88323,88323,14437,27,0,1102451
P_AutoPause,/home/user/wt/rcache/src/p_user.c,tick:thinkers,134460,52290,0,15008,12790,0,1098015
R_UpdateLevelInterpolators,/home/user/wt/rcache/src/r_fps.c,tick:specials/interp,645928,321912,107304,1053,15793,1,1063557
NetUpdate,/home/user/wt/rcache/src/netcode/d_clisrv.c,tick:other,107210,33627,29431,16821,8634,0,1022752
P_Move,/home/user/wt/rcache/src/p_enemy.c,tick:thinkers,308159,87529,28211,10656,8002,2792,1011317
V_GetStringColormap,/home/user/wt/rcache/src/v_video.c,render:hud/video,417987,99536,0,3294,4753,0,1006681
CalcSlopePlaneVectors,/home/user/wt/rcache/src/r_plane.c,render:planes,430372,215186,113922,3578,4124,871,998062
G_ConsGhostTic,/home/user/wt/rcache/src/g_demo.c,tick:other,118112,40295,18348,11797,11970,2101,994145
P_SpawnMobj,/home/user/wt/rcache/src/p_mobj.c,tick:thinkers,233523,53369,61093,7712,12140,3730,982560
V_DrawTallNum,/home/user/wt/rcache/src/v_video.c,render:hud/video,293664,58602,37176,4232,6555,1050,954599
P_WeaponOrPanel,/home/user/wt/rcache/src/p_mobj.c,tick:thinkers,860750,172150,0,5561,0,0,952182
A_InfoState,/home/user/wt/rcache/src/p_enemy.c,tick:thinkers,159084,53028,0,7735,15571,0,911401
FV3_AddEx,/home/user/wt/rcache/src/m_fixed.c,tick:collision/sight,1018500,509250,203700,1054,3,0,905733
ST_Drawer,/home/user/wt/rcache/src/st_stuff.c,render:hud/video,48849,16903,7351,8704,10538,1052,891791
FV2_Copy,/home/user/wt/rcache/src/m_fixed.c,tick:collision/sight,919020,0,0,2428,0,0,876264
FV3_Copy,/home/user/wt/rcache/src/m_fixed.c,tick:collision/sight,919032,0,0,2118,0,0,863874
R_SkyboxFrame,/home/user/wt/rcache/src/r_main.c,render:bsp/setup,85050,30450,17850,8573,11550,1050,860260
R_ViewpointHasChasecam,/home/user/wt/rcache/src/r_main.c,render:bsp/setup,86103,29400,8402,8400,12726,0,858845
R_DrawSinglePlane,/home/user/wt/rcache/src/r_plane.c,render:planes,66592,33296,0,6461,16119,0,851110
P_CameraThinker,/home/user/wt/rcache/src/p_mobj.c,tick:thinkers,132008,40479,16892,14117,3338,2330,846636
JoyAxis,/home/user/wt/rcache/src/g_game.c,tick:other,322964,39976,0,5260,11577,0,831518
P_SceneryCheckWater,/home/user/wt/rcache/src/p_mobj.c,tick:thinkers,157950,46332,21060,9505,9478,2,798510
S_LoadMusicDefs,/home/user/wt/rcache/src/s_sound.c,other,161442,20048,11459,239,17251,100,794585
ST_drawTitleCard,/home/user/wt/rcache/src/st_stuff.c,render:hud/video,104075,79695,78315,2425,8393,4066,765869
Portal_Remove,/home/user/wt/rcache/src/r_portal.c,render:bsp/setup,48090,16030,19236,6139,7751,6371,748007
P_EmblemWasCollected,/home/user/wt/rcache/src/p_inter.c,tick:thinkers,63180,26325,0,4057,16883,0,722334
P_TryCameraMove,/home/user/wt/rcache/src/p_map.c,tick:collision/sight,137249,26820,18749,12781,1657,1116,710789
A_1upThinker,/home/user/wt/rcache/src/p_enemy.c,tick:thinkers,286512,61119,14760,3939,8240,2102,710724
VID_BlitLinearScreen,/home/user/wt/rcache/src/v_video.c,render:hud/video,122278,28218,28218,11452,0,1,658452
FV2_AddEx,/home/user/wt/rcache/src/m_fixed.c,tick:collision/sight,712950,305550,101850,1055,3,0,646728
R_RemoveMobjInterpolator,/home/user/wt/rcache/src/r_fps.c,tick:specials/interp,414375,69280,174,176,8872,54,626126
Portal_Add,/home/user/wt/rcache/src/r_portal.c,render:bsp/setup,198772,31010,60914,4917,1428,1825,619924
T_Scroll,/home/user/wt/rcache/src/p_spec.c,tick:specials/interp,168480,67392,29484,5265,8420,0,606037
P_SpawnMobjFromMapThing,/home/user/wt/rcache/src/p_mobj.c,tick:thinkers,146985,36462,26999,6879,4676,1886,596634
Portal_AddSkybox,/home/user/wt/rcache/src/r_portal.c,render:bsp/setup,137858,41678,32060,3156,6929,761,582797
UpdatePingTable,/home/user/wt/rcache/src/netcode/d_clisrv.c,tick:other,333462,50355,13428,5584,1252,1122,577289
R_UpdateViewInterpolation,/home/user/wt/rcache/src/r_fps.c,tick:specials/interp,42098,19988,16841,6312,8416,1052,572211
HU_Ticker,/home/user/wt/rcache/src/hu_stuff.c,render:hud/video,37800,13650,4200,5250,7358,0,566249
Portal_GetViewpointForSkybox,/home/user/wt/rcache/src/r_portal.c,render:bsp/setup,102592,41678,19236,3716,8002,267,564790
P_CanPickupEmblem,/home/user/wt/rcache/src/p_inter.c,tick:thinkers,57915,15795,0,9477,4212,0,554540
G_SetMouseDeltas,/home/user/wt/rcache/src/g_input.c,other,96876,10530,4212,4212,5264,2105,548265
CheckFrame,/home/user/wt/rcache/src/r_things.c,render:sprites/masked,168744,27131,11416,2151,4365,1423,536138
ExtraDataTicker,/home/user/wt/rcache/src/netcode/net_command.c,tick:other,303450,46200,9450,3150,3150,1050,509264
P_PlayerMobjThinker,/home/user/wt/rcache/src/p_mobj.c,tick:thinkers,69485,20994,12636,9346,1823,1,487469
FixedHypot,/home/user/wt/rcache/src/m_fixed.c,tick:collision/sight,348096,27836,34795,4340,0,19,469285
ST_drawScore,/home/user/wt/rcache/src/st_stuff.c,render:hud/video,30450,13650,3150,4208,6232,0,467487
Consistancy,/home/user/wt/rcache/src/netcode/d_clisrv.c,tick:other,269850,43050,3150,4200,2112,0,460138
HU_Drawer,/home/user/wt/rcache/src/hu_stuff.c,render:hud/video,47250,17850,10500,5250,1135,3150,458811
S_UpdateClosedCaptions,/home/user/wt/rcache/src/s_sound.c,other,72450,13650,4200,5250,4200,0,454697
P_CheckUnderwaterAndSpaceTimer,/home/user/wt/rcache/src/p_user.c,tick:thinkers,81081,23166,7371,9477,36,0,448900
SCR_CalculateFPS,/home/user/wt/rcache/src/screen.c,render:hud/video,44456,10259,11400,4561,3419,1140,437634
P_MobjTouchingSectorSpecialFlag,/home/user/wt/rcache/src/p_spec.c,tick:specials/interp,136254,52314,20094,4381,4621,0,429386
Local_Maketic,/home/user/wt/rcache/src/netcode/tic_command.c,tick:other,36820,12624,8416,7364,3401,0,427806
P_DoJumpStuff,/home/user/wt/rcache/src/p_user.c,tick:thinkers,68220,21641,9441,8993,33,4,418667
P_GetSectorGravityFactor,/home/user/wt/rcache/src/p_spec.c,tick:specials/interp,57624,28812,0,8087,1515,0,417784
P_PlayerInSpecialSector,/home/user/wt/rcache/src/p_spec.c,tick:specials/interp,53169,21057,7546,5265,4094,1051,410027
A_Look,/home/user/wt/rcache/src/p_enemy.c,tick:thinkers,321750,74310,37110,3085,205,0,402329
G_HandleAxisDeadZone,/home/user/wt/rcache/src/g_game.c,tick:other,136760,18936,12624,6311,1052,0,399945
G_ReadDemoTiccmd,/home/user/wt/rcache/src/g_demo.c,tick:other,47615,9294,6211,6306,2135,1399,398628
R_PortalClearClipSegs,/home/user/wt/rcache/src/r_bsp.c,render:bsp/setup,28854,3206,16030,3922,0,6309,393422
V_DrawPaddedTallNum,/home/user/wt/rcache/src/v_video.c,render:hud/video,88200,17850,11550,4201,1923,0,389461
CL_SendClientCmd,/home/user/wt/rcache/src/netcode/tic_command.c,tick:other,30508,11572,5260,4208,5294,1052,384565
CON_RecalcSize,/home/user/wt/rcache/src/console.c,render:hud/video,214373,35293,2767,33,585,11,376374
R_DestroyLevelInterpolators,/home/user/wt/rcache/src/r_fps.c,tick:specials/interp,71514,26709,174,174,10005,0,367739
Taggroup_Add_Init,/home/user/wt/rcache/src/taglist.c,other,192965,54133,23742,5,1256,434,367040
va,/home/user/wt/rcache/src/m_misc.c,other,58504,8580,20752,5554,35,1462,362919
FixedSqrt,/home/user/wt/rcache/src/m_fixed.c,tick:collision/sight,198924,14676,0,4533,349,0,360437
P_AllowMobjSpawn,/home/user/wt/rcache/src/p_mobj.c,tick:thinkers,58685,10606,5897,3600,5542,3,360103
CON_Ticker,/home/user/wt/rcache/src/console.c,render:hud/video,64872,13676,5610,4208,2104,0,358762
P_InsideANonSolidFFloor,/home/user/wt/rcache/src/p_mobj.c,tick:thinkers,213896,71332,35556,4432,0,0,358621
P_CheckBustableBlocks,/home/user/wt/rcache/src/p_user.c,tick:thinkers,55857,23096,10530,6454,1320,5,345265
P_DoSpinAbility,/home/user/wt/rcache/src/p_user.c,tick:thinkers,53986,15994,6321,6991,252,0,332969
R_CheckViewMorph,/home/user/wt/rcache/src/r_main.c,render:bsp/setup,42000,14700,9450,4200,2101,1050,331340
HGetPacket,/home/user/wt/rcache/src/netcode/d_net.c,tick:other,54250,21700,13020,4476,3221,0,321663
P_CalcChasePostImg,/home/user/wt/rcache/src/p_mobj.c,tick:thinkers,38176,9544,5965,5275,32,2315,313776
G_GametypeUsesLives,/home/user/wt/rcache/src/g_game.c,tick:other,40204,16928,0,2147,6325,0,309715
P_NewChaseDir,/home/user/wt/rcache/src/p_enemy.c,tick:thinkers,61433,16098,9853,4778,1725,392,306713
Taglist_InitGlobalTables,/home/user/wt/rcache/src/taglist.c,other,91209,27053,5542,38,4919,132,302480
S_AdjustSoundParams.isra.0,/home/user/wt/rcache/src/s_sound.c,other,91494,20333,10958,2797,1025,292,301287
P_GetMapThingSpawnHeight,/home/user/wt/rcache/src/p_mobj.c,tick:thinkers,61994,9264,5095,5621,336,351,298008
P_ProcessSpecialSector,/home/user/wt/rcache/src/p_spec.c,tick:specials/interp,34749,14742,7371,4212,2282,1051,297930
xstrtok,/home/user/wt/rcache/src/string.c,other,62165,17145,10730,2279,1074,2215,291677
G_IsSpecialStage,/home/user/wt/rcache/src/g_game.c,tick:other,25752,8584,0,4239,3196,0,287273
S_StartSoundAtVolume,/home/user/wt/rcache/src/s_sound.c,other,69132,16133,8510,2069,2320,619,284191
A_FishJump,/home/user/wt/rcache/src/p_enemy.c,tick:thinkers,45148,17467,6669,5521,588,35,277806
FixedAngle,/home/user/wt/rcache/src/tables.c,tick:collision/sight,85841,2949,0,5120,0,0,277576
R_UpdateMobjInterpolators,/home/user/wt/rcache/src/r_fps.c,tick:specials/interp,14756,4216,0,4216,3161,0,275980
PS_UpdateTickStats,/home/user/wt/rcache/src/m_perfstats.c,other,23100,7350,3150,4200,2100,0,268845
P_CheckGravity,/home/user/wt/rcache/src/p_mobj.c,tick:thinkers,188754,46850,33472,2388,216,1,262055
R_ClearFFloorClips,/home/user/wt/rcache/src/r_plane.c,render:planes,19236,3206,6412,3230,0,3206,256895
PIT_CheckCameraLine,/home/user/wt/rcache/src/p_map.c,tick:collision/sight,143246,66896,10276,1455,2466,74,255844
D_Clearticcmd,/home/user/wt/rcache/src/netcode/tic_command.c,tick:other,138240,4096,35840,3,1,4609,255620
Easing_InOutSine,/home/user/wt/rcache/src/m_easing.c,other,38850,5250,3150,3150,2101,1,252709
G_TagGametype,/home/user/wt/rcache/src/g_game.c,tick:other,21045,8418,0,4209,2063,0,248092
P_PlayerInPain,/home/user/wt/rcache/src/p_user.c,tick:thinkers,93035,28315,0,2179,2562,0,242895
G_RingSlingerGametype,/home/user/wt/rcache/src/g_game.c,tick:other,25974,12987,0,2760,3412,0,234781
R_AddMobjInterpolator,/home/user/wt/rcache/src/r_fps.c,tick:specials/interp,47189,19115,15301,2596,1714,1275,233517
A_FlickyCheck,/home/user/wt/rcache/src/p_enemy.c,tick:thinkers,52071,16457,5078,3025,1965,0,224096
AM_Ticker,/home/user/wt/rcache/src/am_map.c,render:hud/video,8400,3150,2100,1050,2100,2100,223762
FileSendTicker,/home/user/wt/rcache/src/netcode/d_netfil.c,tick:other,24618,10071,6714,3357,2238,0,222291
I_GetTime,/home/user/wt/rcache/src/i_time.c,other,13227,8818,0,3249,2216,0,218110
AngleAdj,/home/user/wt/rcache/src/tables.c,tick:collision/sight,72175,8875,8875,3721,0,8,210270
P_PrecipitationEffects,/home/user/wt/rcache/src/p_mobj.c,tick:thinkers,34161,9985,6832,3679,1051,1,207682
P_CameraLineOpening,/home/user/wt/rcache/src/p_maputl.c,tick:collision/sight,49683,21704,6818,2722,1515,290,205151
A_FlickyAim,/home/user/wt/rcache/src/p_enemy.c,tick:thinkers,39652,11174,6021,2820,1429,441,202517
P_PlayerShouldUseSpinHeight,/home/user/wt/rcache/src/p_user.c,tick:thinkers,38800,10090,0,4157,4,0,199295
G_KeyNumToName,/home/user/wt/rcache/src/g_input.c,other,103430,17164,90,200,694,1,198303
ST_doPaletteStuff,/home/user/wt/rcache/src/st_stuff.c,render:hud/video,12609,5251,1053,1051,3150,0,188698
ST_drawDebugInfo,/home/user/wt/rcache/src/st_stuff.c,render:hud/video,7350,4200,0,2100,2168,0,182762
G_GametypeHasTeams,/home/user/wt/rcache/src/g_game.c,tick:other,26280,10512,0,3170,1014,0,179500
P_CheckTimeLimit,/home/user/wt/rcache/src/p_inter.c,tick:thinkers,24219,10530,6318,3159,1053,0,178483
P_MobjTouching3DFloorSpecialFlag,/home/user/wt/rcache/src/p_spec.c,tick:specials/interp,76338,26376,15376,2251,781,0,178189
Setvalue,/home/user/wt/rcache/src/command.c,tick:other,46266,10309,8053,1928,1523,461,175864
P_InternalFlickyFly,/home/user/wt/rcache/src/p_enemy.c,tick:thinkers,29636,7344,4034,2531,1335,280,174815
D_UseLocalDelay,/home/user/wt/rcache/src/netcode/tic_command.c,tick:other,19023,6714,0,2237,2305,0,174758
M_AddToBox,/home/user/wt/rcache/src/m_bbox.c,other,106278,50840,4598,1,11,0,174488
NetKeepAlive,/home/user/wt/rcache/src/netcode/d_clisrv.c,tick:other,52674,8848,539,337,3820,0,172737
R_ThingOffsetOverlay,/home/user/wt/rcache/src/r_things.c,render:sprites/masked,24430,6980,4188,2094,1054,402,167464
AM_Drawer,/home/user/wt/rcache/src/am_map.c,render:hud/video,25200,11550,7350,2100,1051,1,167366
P_CameraCheckWater,/home/user/wt/rcache/src/p_mobj.c,tick:thinkers,21832,11693,3724,2294,1643,215,166009
R_ApplyViewMorph,/home/user/wt/rcache/src/r_main.c,render:bsp/setup,4200,2100,0,3150,1050,0,164381
ST_runTitleCard,/home/user/wt/rcache/src/st_stuff.c,render:hud/video,9143,2990,566,2424,1246,0,161779
R_ClearClipSegs,/home/user/wt/rcache/src/r_bsp.c,render:bsp/setup,8400,2100,4200,2100,0,2100,160762
P_GetMobjtypeSubstitute,/home/user/wt/rcache/src/p_mobj.c,tick:thinkers,35470,8272,2382,2415,1110,0,159971
P_ParseAnimationDefintion,/home/user/wt/rcache/src/p_spec.c,tick:specials/interp,126207,14155,12409,534,800,140,156558
CON_Print,/home/user/wt/rcache/src/console.c,render:hud/video,79597,16140,9829,300,149,60,150766
PS2_SOCNumber,/home/user/wt/rcache/src/ps2/soc_numbers.c,other,53497,6144,5762,124,1720,187,149816
P_DoBubbleBreath,/home/user/wt/rcache/src/p_user.c,tick:thinkers,23166,12636,6318,3159,1,0,146030
Tag_FGet,/home/user/wt/rcache/src/taglist.c,other,23107,13204,0,14,3354,0,139037
M_RandomKey,/home/user/wt/rcache/src/m_random.c,tick:other,21040,3156,1052,2630,526,0,138818
P_InstaThrust,/home/user/wt/rcache/src/p_user.c,tick:thinkers,18676,4872,1624,888,2825,0,136103
Tag_Add,/home/user/wt/rcache/src/taglist.c,other,81126,18028,22535,20,0,19,134281
P_PlayerOnSpecial3DFloor,/home/user/wt/rcache/src/p_spec.c,tick:specials/interp,24249,12634,4912,1189,2166,2,133158
G_PlatformGametype,/home/user/wt/rcache/src/g_game.c,tick:other,13374,4458,0,2224,1051,0,131828
P_IsCameraNoclip,/home/user/wt/rcache/src/p_map.c,tick:collision/sight,16044,4584,0,2114,1112,0,131522
P_CameraCheckHeat,/home/user/wt/rcache/src/p_mobj.c,tick:thinkers,27781,13348,3955,2248,549,39,131113
P_ButteredSlope,/home/user/wt/rcache/src/p_slopes.c,tick:collision/sight,7089,2592,177,2207,1216,0,130770
P_IsLocalPlayer,/home/user/wt/rcache/src/p_user.c,tick:thinkers,14700,3150,0,2100,1050,0,127963
P_ForceLocalAngle,/home/user/wt/rcache/src/p_user.c,tick:thinkers,12612,2102,1051,2102,0,1051,126302
S_AdjustMusicStackTics,/home/user/wt/rcache/src/s_sound.c,other,5255,2102,0,2102,1051,0,124219
Portal_InitList,/home/user/wt/rcache/src/r_portal.c,render:bsp/setup,5250,1050,3150,2100,0,1050,124101
P_InternalFlickyBubble,/home/user/wt/rcache/src/p_enemy.c,tick:thinkers,26586,11394,5697,2529,6,1,123910
I_UpdateTime,/home/user/wt/rcache/src/i_time.c,other,20124,5590,3354,2236,0,0,122410
P_ClosestPointOnLine,/home/user/wt/rcache/src/p_maputl.c,tick:collision/sight,123420,22990,14520,316,55,83,121415
P_RespawnSpecials,/home/user/wt/rcache/src/p_mobj.c,tick:thinkers,6318,3159,0,2106,1053,0,121186
P_RunShields,/home/user/wt/rcache/src/p_mobj.c,tick:thinkers,6318,2106,1053,2106,1053,0,121186
P_CheckPointLimit,/home/user/wt/rcache/src/p_inter.c,tick:thinkers,5265,2106,0,2106,1053,0,120294
P_AddThinker,/home/user/wt/rcache/src/p_tick.c,tick:thinkers,19744,2468,6170,1224,1105,673,119039
P_SetPitchRollFromSlope,/home/user/wt/rcache/src/p_mobj.c,tick:thinkers,10820,5410,0,2674,0,0,116133
P_GetRandSeed,/home/user/wt/rcache/src/m_random.c,tick:other,6300,4200,0,1170,2100,0,115141
R_ClearSprites,/home/user/wt/rcache/src/r_things.c,render:sprites/masked,5250,1050,3150,1050,0,2100,113601
R_GetFramerateCap,/home/user/wt/rcache/src/r_fps.c,tick:specials/interp,9468,3155,0,1053,2104,0,113267
Playing,/home/user/wt/rcache/src/netcode/d_clisrv.c,tick:other,5280,3168,0,1052,2104,0,109676
P_SetScale,/home/user/wt/rcache/src/p_mobj.c,tick:thinkers,102287,15327,15426,516,37,1,108499
G_SoftwareClipAimingPitch,/home/user/wt/rcache/src/g_game.c,tick:other,25200,6300,0,2100,0,0,105365
V_DrawAlignedFontString,/home/user/wt/rcache/src/v_video.c,render:hud/video,8860,0,0,2176,0,0,101556
CON_Ready,/home/user/wt/rcache/src/console.c,render:hud/video,10520,4208,3156,1052,1052,0,101395
P_DoFiring,/home/user/wt/rcache/src/p_user.c,tick:thinkers,17901,7371,5265,2106,0,0,99416
P_PreTicker,/home/user/wt/rcache/src/p_tick.c,tick:thinkers,17316,7150,4746,111,2621,4,97870
ST_Ticker,/home/user/wt/rcache/src/st_stuff.c,render:hud/video,6300,1050,0,1050,1050,0,94321
ST_MovieInfoDrawer,/home/user/wt/rcache/src/st_stuff.c,render:hud/video,5250,2100,0,1050,1050,0,92601
Tag_FSet,/home/user/wt/rcache/src/taglist.c,other,22643,4561,18,14,1828,0,92497
CONS_Debug,/home/user/wt/rcache/src/console.c,render:hud/video,17100,4500,4500,544,811,205,90415
P_GetMobjSpawnHeight,/home/user/wt/rcache/src/p_mobj.c,tick:thinkers,16020,3916,3204,1299,373,351,87262
CON_LogMessage,/home/user/wt/rcache/src/console.c,render:hud/video,39634,3438,3434,289,64,195,86854
R_ClearSegTables,/home/user/wt/rcache/src/r_segs.c,render:walls,6300,3150,2100,1050,1050,0,83821
P_MapStart,/home/user/wt/rcache/src/p_map.c,tick:collision/sight,8424,4212,0,1052,1052,0,80782
D_GetExistingTextcmd,/home/user/wt/rcache/src/netcode/net_command.c,tick:other,8400,2100,0,1050,1050,0,80622
G_ClearRecords,/home/user/wt/rcache/src/g_game.c,tick:other,46630,10365,10,6,1288,0,78413
P_TouchStarPost,/home/user/wt/rcache/src/p_inter.c,tick:thinkers,8135,3450,141,62,2279,1,77777
GetExtent,/home/user/wt/rcache/src/p_slopes.c,tick:collision/sight,28582,15211,3852,288,1363,18,77182
P_RandomFixed,/home/user/wt/rcache/src/m_random.c,tick:other,16240,2030,1015,909,901,0,77158
G_GetExitGameFlag,/home/user/wt/rcache/src/g_game.c,tick:other,3150,2100,0,1050,1050,0,76171
P_FindEmerald,/home/user/wt/rcache/src/p_user.c,tick:thinkers,7443,3182,3,3,2242,2,73750
P_ClearStarPost,/home/user/wt/rcache/src/p_inter.c,tick:thinkers,7410,3175,4,2,2234,0,73382
S_StopSound,/home/user/wt/rcache/src/s_sound.c,other,17821,3107,0,180,1227,0,73207
CON_Linefeed,/home/user/wt/rcache/src/console.c,render:hud/video,20216,3610,2888,85,775,0,67520
R_ExecuteSetViewSize,/home/user/wt/rcache/src/r_main.c,render:bsp/setup,36478,15,1872,9,6,207,66513
P_RandomByte,/home/user/wt/rcache/src/m_random.c,tick:other,17475,2330,1165,778,680,0,66335
P_AddFakeFloor,/home/user/wt/rcache/src/p_spec.c,tick:specials/interp,37623,6335,8772,120,856,75,64627
P_CanRunOnWater,/home/user/wt/rcache/src/p_mobj.c,tick:thinkers,36334,15712,2946,509,444,0,64484
R_AddSpriteDefs,/home/user/wt/rcache/src/r_things.c,render:sprites/masked,9959,935,881,804,458,6,62396
P_GetPlayerControlDirection,/home/user/wt/rcache/src/p_user.c,tick:thinkers,10418,2908,605,968,440,0,60752
P_PathTraverse,/home/user/wt/rcache/src/p_maputl.c,tick:collision/sight,19845,3008,3155,777,219,204,60595
P_MobjFlip,/home/user/wt/rcache/src/p_mobj.c,tick:thinkers,20273,3686,0,1077,2,0,60327
G_TicsToCentiseconds,/home/user/wt/rcache/src/g_game.c,tick:other,17850,2100,0,1050,39,0,58303
M_CopyGameData,/home/user/wt/rcache/src/m_cond.c,other,23330,4580,442,22,579,60,58272
FV3_Rotate,/home/user/wt/rcache/src/tables.c,tick:collision/sight,18444,2262,1653,811,246,93,58247
P_PlayerTouchingSectorSpecialFlag,/home/user/wt/rcache/src/p_spec.c,tick:specials/interp,16250,3250,0,1055,70,0,58077
G_TicsToSeconds,/home/user/wt/rcache/src/g_game.c,tick:other,17850,1050,0,1050,0,0,57133
G_ClipAimingPitch,/home/user/wt/rcache/src/g_game.c,tick:other,9544,2386,0,1193,0,0,55811
A_BubbleSpawn,/home/user/wt/rcache/src/p_enemy.c,tick:thinkers,29808,5998,922,342,327,88,51401
P_WriteUINT8,/home/user/wt/rcache/src/p_saveg.c,tick:specials/interp,57618,19206,12804,2,0,50,50428
P_GetPlayerColor,/home/user/wt/rcache/src/p_user.c,tick:thinkers,9459,3153,2102,1051,1,0,50089
G_TicsToMinutes,/home/user/wt/rcache/src/g_game.c,tick:other,9450,1050,0,1050,0,0,50012
ST_cacheLevelTitle,/home/user/wt/rcache/src/st_stuff.c,render:hud/video,4756,1624,812,466,224,348,49312
P_MapEnd,/home/user/wt/rcache/src/p_map.c,tick:collision/sight,8420,0,0,1053,0,0,49258
P_CalculateSlopeVectors,/home/user/wt/rcache/src/p_slopes.c,tick:collision/sight,29070,2544,1272,555,30,2,47805
P_TouchSpecialThing,/home/user/wt/rcache/src/p_inter.c,tick:thinkers,10394,3373,1256,746,180,118,47592
S_StartSound,/home/user/wt/rcache/src/s_sound.c,other,4446,1482,0,460,728,0,47524
G_GametypeUsesCoopLives,/home/user/wt/rcache/src/g_game.c,tick:other,6300,2100,0,1050,0,0,47341
G_SaveGameData,/home/user/wt/rcache/src/g_game.c,tick:other,43947,3906,6330,18,296,0,46858
S_MusicPaused,/home/user/wt/rcache/src/s_sound.c,other,2102,0,0,1051,0,0,45484
P_RemoveMobj.part.0,/home/user/wt/rcache/src/p_mobj.c,tick:thinkers,6011,1032,1646,871,123,52,45186
A_FlickyFly,/home/user/wt/rcache/src/p_enemy.c,tick:thinkers,5220,1450,0,578,580,0,44946
G_CopyTiccmd,/home/user/wt/rcache/src/g_game.c,tick:other,3156,0,0,1052,0,0,44756
M_GetLevelEmblems,/home/user/wt/rcache/src/m_cond.c,other,8345,1045,30,13,985,5,43892
S_StartSound.part.0,/home/user/wt/rcache/src/s_sound.c,other,5187,741,0,693,205,0,42368
M_GotEnoughEmblems,/home/user/wt/rcache/src/m_cond.c,other,24360,4872,0,7,5,0,40340
P_Thrust,/home/user/wt/rcache/src/p_user.c,tick:thinkers,4761,1242,414,414,605,1,38776
R_ClearDrawSegs,/home/user/wt/rcache/src/r_bsp.c,render:bsp/setup,4200,2100,1050,0,1050,0,38381
P_CalculateSlopeNormal,/home/user/wt/rcache/src/p_slopes.c,tick:collision/sight,4784,1664,624,410,558,1,37226
P_ReturnThrustX,/home/user/wt/rcache/src/p_user.c,tick:thinkers,3490,1047,0,349,657,0,36629
CV_SaveVariables,/home/user/wt/rcache/src/command.c,tick:other,10321,2318,972,7,900,3,36120
P_WriteUINT32,/home/user/wt/rcache/src/p_saveg.c,tick:specials/interp,37368,12456,8304,2,0,130,35661
P_ParseANIMDEFSLump,/home/user/wt/rcache/src/p_spec.c,tick:specials/interp,39088,5987,759,11,41,0,34809
CONS_Printf,/home/user/wt/rcache/src/console.c,render:hud/video,2816,629,941,474,195,82,34654
P_SlideCameraMove,/home/user/wt/rcache/src/p_map.c,tick:collision/sight,7560,1680,1110,525,214,20,34429
M_CheckLevelEmblems,/home/user/wt/rcache/src/m_cond.c,other,8837,2158,498,13,645,0,34348
CON_SetupBackColormapEx,/home/user/wt/rcache/src/console.c,render:hud/video,18654,4153,1069,17,51,18,34001
P_PlayerHitFloor,/home/user/wt/rcache/src/p_user.c,tick:thinkers,4286,1024,602,730,19,0,33404
MakeViaVectors,/home/user/wt/rcache/src/p_slopes.c,tick:collision/sight,7904,1664,3120,541,44,0,29661
PaletteRemap_Apply,/home/user/wt/rcache/src/r_translation.c,other,17517,4371,1033,13,6,0,29399
P_PlayerFullbright,/home/user/wt/rcache/src/p_user.c,tick:thinkers,5064,1899,0,615,0,0,28893
PIT_AddLineIntercepts,/home/user/wt/rcache/src/p_maputl.c,tick:collision/sight,17260,5089,2949,275,52,46,28573
R_FlushTranslationColormapCache,/home/user/wt/rcache/src/r_draw.c,render:drawers(col/span),11046,1841,0,14,238,0,28177
CON_Init,/home/user/wt/rcache/src/console.c,render:hud/video,9088,187,1957,39,11,257,27169
M_CheckUnlockConditions,/home/user/wt/rcache/src/m_cond.c,other,9988,2109,801,30,295,5,26564
P_ReturnThrustY,/home/user/wt/rcache/src/p_user.c,tick:thinkers,3490,698,0,349,306,0,26099
P_KillMobj,/home/user/wt/rcache/src/p_inter.c,tick:thinkers,2932,725,383,437,118,23,24196
V_DrawLevelActNum,/home/user/wt/rcache/src/v_video.c,render:hud/video,4140,1035,805,345,87,0,24063
CalculateNormalDir,/home/user/wt/rcache/src/p_slopes.c,tick:collision/sight,6143,2329,1272,262,246,12,23428
M_CompletionEmblems,/home/user/wt/rcache/src/m_cond.c,other,4192,601,0,7,524,0,22868
P_DelSeclist,/home/user/wt/rcache/src/p_map.c,tick:collision/sight,2370,573,369,261,180,164,22769
CV_LoadVars,/home/user/wt/rcache/src/command.c,tick:other,2864,1028,297,5,611,3,21048
V_LevelActNumWidth,/home/user/wt/rcache/src/v_video.c,render:hud/video,2990,345,0,230,162,0,20579
M_SilentUpdateUnlockablesAndEmblems,/home/user/wt/rcache/src/m_cond.c,other,4342,914,92,8,431,0,20364
P_RemoveThinkerDelayed,/home/user/wt/rcache/src/p_tick.c,tick:thinkers,1653,609,609,174,224,174,20301
sizeu1,/home/user/wt/rcache/src/m_misc.c,other,4524,696,696,320,0,0,20212
Tag_Iterate_Sectors,/home/user/wt/rcache/src/taglist.c,other,5462,2008,0,3,357,0,19779
CV_RevertNetVars,/home/user/wt/rcache/src/command.c,tick:other,2191,731,1,3,555,0,18628
D_FreeTextcmd,/home/user/wt/rcache/src/netcode/net_command.c,tick:other,20480,6144,4096,3,1,1,17543
P_CheckSolidLava,/home/user/wt/rcache/src/p_mobj.c,tick:thinkers,5593,2744,0,139,235,0,17352
P_WriteUINT16,/home/user/wt/rcache/src/p_saveg.c,tick:specials/interp,18630,6210,4140,2,0,32,16834
S_getChannel,/home/user/wt/rcache/src/s_sound.c,other,2291,553,345,208,132,2,16093
P_InternalFlickyHop,/home/user/wt/rcache/src/p_enemy.c,tick:thinkers,4354,1035,689,301,0,0,15731
P_SpawnMobjFromMobj,/home/user/wt/rcache/src/p_mobj.c,tick:thinkers,2893,810,540,245,110,3,15643
G_PlayerReborn,/home/user/wt/rcache/src/g_game.c,tick:other,7392,2624,2592,24,257,4,15057
P_SpawnSpinMobj.part.0,/home/user/wt/rcache/src/p_user.c,tick:thinkers,2291,725,406,261,71,1,14542
P_DoJump,/home/user/wt/rcache/src/p_user.c,tick:thinkers,2184,490,266,268,40,0,13772
MusicDefStrcpy,/home/user/wt/rcache/src/s_sound.c,other,3897,495,1134,182,0,0,13665
cht_Init,/home/user/wt/rcache/src/m_cheat.c,other,7941,1,256,3,0,4,13250
P_SceneryXYFriction,/home/user/wt/rcache/src/p_mobj.c,tick:thinkers,3151,640,231,263,0,0,13191
ST_LoadGraphics,/home/user/wt/rcache/src/st_stuff.c,render:hud/video,910,7,323,155,1,127,12811
V_DrawFill,/home/user/wt/rcache/src/v_video.c,render:hud/video,1595,348,203,145,80,29,12773
R_GetSuperColorByName,/home/user/wt/rcache/src/r_draw.c,render:drawers(col/span),7194,36,820,18,5,0,12706
AngleFixed,/home/user/wt/rcache/src/tables.c,tick:collision/sight,10530,45,0,90,0,0,12527
P_AddFakeFloorsByLine,/home/user/wt/rcache/src/p_spec.c,tick:specials/interp,6958,2088,1302,3,180,8,11659
P_MobjCeilingZSlope,/home/user/wt/rcache/src/p_mobj.c,tick:thinkers,2636,684,494,166,26,61,11485
P_InterceptVector,/home/user/wt/rcache/src/p_maputl.c,tick:collision/sight,5487,930,186,141,0,23,10982
P_SetObjectMomZ,/home/user/wt/rcache/src/p_user.c,tick:thinkers,1608,402,134,220,27,0,10973
S_ClearSfx,/home/user/wt/rcache/src/s_sound.c,other,6646,3,1329,2,0,0,10968
P_AddPlayerScore,/home/user/wt/rcache/src/p_user.c,tick:thinkers,1224,364,156,130,145,1,10618
A_FlickyHop,/home/user/wt/rcache/src/p_enemy.c,tick:thinkers,575,345,0,202,47,0,9977
ST_preLevelTitleCardDrawer,/home/user/wt/rcache/src/st_stuff.c,render:hud/video,575,125,125,101,96,25,9822
S_StopChannel,/home/user/wt/rcache/src/s_sound.c,other,1192,420,352,138,8,63,9603
P_DamageMobj,/home/user/wt/rcache/src/p_inter.c,tick:thinkers,1054,266,110,165,50,16,9474
CV_SetCVar,/home/user/wt/rcache/src/command.c,tick:other,2267,616,390,107,62,45,9412
M_AATreeSet_Node'2,/home/user/wt/rcache/src/m_aatree.c,other,3223,704,754,27,38,46,8880
P_SlopeLaunch,/home/user/wt/rcache/src/p_slopes.c,tick:collision/sight,1591,522,338,155,7,25,8509
A_Pain,/home/user/wt/rcache/src/p_enemy.c,tick:thinkers,3960,1440,1080,60,90,0,8457
V_DrawBlock,/home/user/wt/rcache/src/v_video.c,render:hud/video,4858,420,410,6,2,0,8279
S_SoundPlaying,/home/user/wt/rcache/src/s_sound.c,other,1750,350,0,30,140,0,8267
P_SetMobjStateNF,/home/user/wt/rcache/src/p_mobj.c,tick:thinkers,1296,216,288,143,45,1,8199
R_GetColorByName,/home/user/wt/rcache/src/r_draw.c,render:drawers(col/span),4269,36,491,12,6,0,7714
Setvalue'2,/home/user/wt/rcache/src/command.c,tick:other,1826,421,284,108,58,0,7608
M_AATreeSet_Node,/home/user/wt/rcache/src/m_aatree.c,other,2242,512,483,51,42,5,7123
P_ResetCamera,/home/user/wt/rcache/src/p_user.c,tick:thinkers,1311,47,164,134,19,1,7071
G_IsTitleCardAvailable,/home/user/wt/rcache/src/g_game.c,tick:other,506,184,0,46,160,0,7069
PTR_SlideCameraTraverse,/home/user/wt/rcache/src/p_map.c,tick:collision/sight,1343,543,249,135,15,0,6989
P_CheckIntercepts,/home/user/wt/rcache/src/p_maputl.c,tick:collision/sight,1036,465,97,83,93,0,6988
M_SecretUnlocked,/home/user/wt/rcache/src/m_cond.c,other,1138,164,0,4,164,0,6944
A_FlickyCheck'2,/home/user/wt/rcache/src/p_enemy.c,tick:thinkers,4063,1354,340,44,49,0,6675
P_GivePlayerRings,/home/user/wt/rcache/src/p_user.c,tick:thinkers,768,192,80,80,80,14,6671
M_ClearSecrets,/home/user/wt/rcache/src/m_cond.c,other,1300,10,1130,17,5,123,6650
A_SpikeRetract,/home/user/wt/rcache/src/p_enemy.c,tick:thinkers,4296,1248,360,62,14,0,6542
SV_StopServer,/home/user/wt/rcache/src/netcode/d_clisrv.c,tick:other,7189,1029,1034,3,4,6,6515
G_InitNew,/home/user/wt/rcache/src/g_game.c,tick:other,819,23,419,18,9,161,6514
P_GetReferenceSlopeForMidtexture,/home/user/wt/rcache/src/p_slopes.c,tick:collision/sight,1512,792,0,3,167,0,6412
SV_ResetServer,/home/user/wt/rcache/src/netcode/d_clisrv.c,tick:other,1579,16,673,40,7,105,6299
A_BubbleCheck,/home/user/wt/rcache/src/p_enemy.c,tick:thinkers,1188,396,132,132,0,0,6287
R_CreateInterpolator_DynSlope,/home/user/wt/rcache/src/r_fps.c,tick:specials/interp,4656,582,1455,55,4,0,6267
P_SpawnItemRow,/home/user/wt/rcache/src/p_mobj.c,tick:thinkers,1845,515,250,38,90,12,6144
D_RegisterClientCommands,/home/user/wt/rcache/src/netcode/d_netcmd.c,tick:other,2264,5,641,67,1,48,6069
G_BuildMapName,/home/user/wt/rcache/src/g_game.c,tick:other,1708,86,258,49,0,86,5988
P_HandleSlopeLanding,/home/user/wt/rcache/src/p_slopes.c,tick:collision/sight,1461,394,314,106,8,7,5929
G_PreLevelTitleCard,/home/user/wt/rcache/src/g_game.c,tick:other,614,101,196,76,73,0,5751
PaletteRemap_Init,/home/user/wt/rcache/src/r_translation.c,other,2681,28,639,21,8,2,5532
G_SaveKeySetting,/home/user/wt/rcache/src/g_input.c,other,1733,260,286,6,76,0,5359
P_PatchInfoRange,/home/user/wt/rcache/src/info.c,other,2130,10,172,12,2,33,5020
ST_drawWipeTitleCard,/home/user/wt/rcache/src/st_stuff.c,render:hud/video,352,110,66,44,44,22,4977
CreateInterpolator,/home/user/wt/rcache/src/r_fps.c,tick:specials/interp,2639,709,811,16,21,48,4947
M_AddRawCondition,/home/user/wt/rcache/src/m_cond.c,other,2835,630,945,2,6,0,4905
R_GenerateTranslationColormap,/home/user/wt/rcache/src/r_draw.c,render:drawers(col/span),2282,54,526,10,5,7,4619
P_SpawnSkidDust,/home/user/wt/rcache/src/p_user.c,tick:thinkers,1122,238,170,85,8,0,4591
P_QuantizeMomentumToSlope,/home/user/wt/rcache/src/p_slopes.c,tick:collision/sight,598,208,104,75,16,20,4587
P_ReverseQuantizeMomentumToSlope,/home/user/wt/rcache/src/p_slopes.c,tick:collision/sight,930,300,210,90,4,0,4508
M_ClearBox,/home/user/wt/rcache/src/m_bbox.c,other,2036,1018,509,1,31,1,4336
P_InternalFlickySpawn,/home/user/wt/rcache/src/p_enemy.c,tick:thinkers,860,170,160,70,24,0,4249
TG_Slot,/home/user/wt/rcache/src/taglist.c,other,2292,879,471,2,0,3,3925
P_PointOnDivlineSide.constprop.0,/home/user/wt/rcache/src/p_maputl.c,tick:collision/sight,3164,750,0,31,0,0,3922
G_DoPlayDemo,/home/user/wt/rcache/src/g_demo.c,tick:other,1482,89,251,35,15,27,3916
DVector3_Load,/home/user/wt/rcache/src/m_vector.c,other,2120,424,848,3,0,4,3713
V_DrawFontString,/home/user/wt/rcache/src/v_video.c,render:hud/video,928,0,0,52,0,0,3600
D_RegisterServerCommands,/home/user/wt/rcache/src/netcode/d_netcmd.c,tick:other,503,24,175,63,4,7,3276
S_StopSounds,/home/user/wt/rcache/src/s_sound.c,other,894,300,78,7,41,9,3245
R_AddCustomTranslation,/home/user/wt/rcache/src/r_translation.c,other,1344,307,163,6,26,0,3222
CV_palette_OnChange,/home/user/wt/rcache/src/v_video.c,render:hud/video,420,160,60,3,60,0,3208
ST_LoadFaceGraphics,/home/user/wt/rcache/src/st_stuff.c,render:hud/video,188,96,43,12,46,8,2948
P_InQuicksand,/home/user/wt/rcache/src/p_user.c,tick:thinkers,728,282,120,50,8,0,2857
M_AATreeSet,/home/user/wt/rcache/src/m_aatree.c,other,637,196,147,11,38,2,2684
M_ClearConditionSet,/home/user/wt/rcache/src/m_cond.c,other,528,144,96,2,25,28,2535
Tag_Find,/home/user/wt/rcache/src/taglist.c,other,888,264,0,8,25,0,2525
P_PlayerCanDamage,/home/user/wt/rcache/src/p_user.c,tick:thinkers,497,176,52,50,3,0,2511
G_CopyControls,/home/user/wt/rcache/src/g_input.c,other,1238,174,172,2,2,11,2498
M_AATreeFree,/home/user/wt/rcache/src/m_aatree.c,other,479,124,81,9,45,0,2495
G_GhostAddSpin,/home/user/wt/rcache/src/g_demo.c,tick:other,174,87,0,58,0,0,2468
P_SlideMove,/home/user/wt/rcache/src/p_map.c,tick:collision/sight,464,100,94,44,4,6,2453
InitAck,/home/user/wt/rcache/src/netcode/d_net.c,tick:other,815,4,397,2,2,48,2271
SendWeaponPref,/home/user/wt/rcache/src/netcode/d_netcmd.c,tick:other,369,88,64,29,25,0,2223
S_GetSfxLumpNum,/home/user/wt/rcache/src/s_sound.c,other,286,77,55,33,5,5,2089
CV_SetValue,/home/user/wt/rcache/src/command.c,tick:other,627,114,152,35,4,0,2052
P_CanPickupItem,/home/user/wt/rcache/src/p_inter.c,tick:thinkers,330,90,0,30,17,0,1990
P_InJumpFlipSector,/home/user/wt/rcache/src/p_user.c,tick:thinkers,267,127,42,28,20,0,1946
CV_UpdateCamDist,/home/user/wt/rcache/src/p_user.c,tick:thinkers,170,35,20,23,24,0,1784
SendNetXCmd,/home/user/wt/rcache/src/netcode/net_command.c,tick:other,319,55,66,26,10,0,1610
A_ModuloToState,/home/user/wt/rcache/src/p_enemy.c,tick:thinkers,190,61,23,23,15,0,1531
CV_UpdateCam2Dist,/home/user/wt/rcache/src/p_user.c,tick:thinkers,170,35,20,20,19,0,1514
P_SpawnItemPattern,/home/user/wt/rcache/src/p_mobj.c,tick:thinkers,203,56,40,26,7,3,1512
G_DefineDefaultControls,/home/user/wt/rcache/src/g_input.c,other,126,10,104,12,4,22,1466
SetChannelsNum,/home/user/wt/rcache/src/s_sound.c,other,342,9,123,10,2,14,1440
S_ChangeMusicEx,/home/user/wt/rcache/src/s_sound.c,other,159,26,33,18,13,0,1370
ReconfigureViaVertexes,/home/user/wt/rcache/src/p_slopes.c,tick:collision/sight,728,96,128,14,0,4,1297
G_GetBestTime,/home/user/wt/rcache/src/g_game.c,tick:other,729,162,0,4,17,0,1288
P_RandomKey,/home/user/wt/rcache/src/m_random.c,tick:other,190,20,10,20,10,0,1261
A_ShadowScream,/home/user/wt/rcache/src/p_enemy.c,tick:thinkers,180,60,30,20,5,5,1253
GetPalette,/home/user/wt/rcache/src/v_video.c,render:hud/video,150,45,24,12,9,1,1126
P_SpawnThokMobj,/home/user/wt/rcache/src/p_user.c,tick:thinkers,158,54,30,14,14,0,1114
G_GetBestNightsGrade,/home/user/wt/rcache/src/g_game.c,tick:other,594,132,0,4,15,0,1114
R_RegisterEngineStuff,/home/user/wt/rcache/src/r_main.c,render:bsp/setup,129,1,61,21,1,0,1081
P_SpawnPlayer,/home/user/wt/rcache/src/p_mobj.c,tick:thinkers,140,38,30,15,7,5,1079
PTR_SlideTraverse,/home/user/wt/rcache/src/p_map.c,tick:collision/sight,226,90,44,14,8,2,1052
A_FlickySpawn,/home/user/wt/rcache/src/p_enemy.c,tick:thinkers,260,40,20,20,0,0,1020
P_RandomRange,/home/user/wt/rcache/src/m_random.c,tick:other,299,26,13,16,3,0,983
CONS_Alert,/home/user/wt/rcache/src/console.c,render:hud/video,101,16,32,16,2,2,965
A_SignPlayer,/home/user/wt/rcache/src/p_enemy.c,tick:thinkers,95,31,16,12,11,2,951
P_RemoveThinker,/home/user/wt/rcache/src/p_tick.c,tick:thinkers,435,87,174,1,0,17,919
G_GhostAddHit,/home/user/wt/rcache/src/g_demo.c,tick:other,44,22,0,22,0,0,917
FV3_DivideEx,/home/user/wt/rcache/src/m_fixed.c,tick:collision/sight,828,108,132,4,0,0,862
D_CheckNetGame,/home/user/wt/rcache/src/netcode/d_net.c,tick:other,87,17,34,12,3,7,854
FIL_ReadFileTag,/home/user/wt/rcache/src/m_misc.c,other,162,30,46,13,1,1,845
P_BackupTables,/home/user/wt/rcache/src/info.c,other,92,10,25,8,2,8,771
V_Recalc,/home/user/wt/rcache/src/v_video.c,render:hud/video,120,9,12,12,0,2,757
RegisterNetXCmd,/home/user/wt/rcache/src/netcode/net_command.c,tick:other,95,19,19,5,0,15,731
S_StartEx,/home/user/wt/rcache/src/s_sound.c,other,61,18,13,9,7,1,700
V_SetPalette,/home/user/wt/rcache/src/v_video.c,render:hud/video,72,24,9,9,4,0,638
P_RunCachedActions,/home/user/wt/rcache/src/p_mobj.c,tick:thinkers,77,28,20,3,13,2,635
ST_ReloadSkinFaceGraphics,/home/user/wt/rcache/src/st_stuff.c,render:hud/video,59,13,13,10,3,0,617
P_CopySectorSlope,/home/user/wt/rcache/src/p_slopes.c,tick:collision/sight,130,38,22,5,7,2,580
PaletteRemap_Add,/home/user/wt/rcache/src/r_translation.c,other,120,30,30,2,7,3,577
Analog2_OnChange,/home/user/wt/rcache/src/g_game.c,tick:other,30,15,0,10,5,0,575
SCR_CheckDefaultMode,/home/user/wt/rcache/src/screen.c,render:hud/video,56,6,13,8,3,1,572
G_BuildMapTitle,/home/user/wt/rcache/src/g_game.c,tick:other,146,24,26,5,8,0,564
P_MovePlayerToSpawn,/home/user/wt/rcache/src/p_mobj.c,tick:thinkers,95,20,21,9,3,1,561
M_FindResponseFile,/home/user/wt/rcache/src/m_argv.c,other,122,43,6,3,8,0,560
P_LineIsBlocking,/home/user/wt/rcache/src/p_map.c,tick:collision/sight,140,44,8,8,4,0,559
M_PushSpecialParameters,/home/user/wt/rcache/src/m_argv.c,other,140,69,3,2,8,0,549
M_AATreeFree_Node,/home/user/wt/rcache/src/m_aatree.c,other,133,42,28,3,7,0,548
FIL_CheckExtension,/home/user/wt/rcache/src/m_misc.c,other,283,112,0,2,0,0,544
R_ResetVisSprites,/home/user/wt/rcache/src/r_things.c,render:sprites/masked,203,35,2,2,4,0,533
G_CoopGametype,/home/user/wt/rcache/src/g_game.c,tick:other,186,62,0,5,5,0,508
CV_Set,/home/user/wt/rcache/src/command.c,tick:other,69,0,0,11,0,0,498
Add_Scroller,/home/user/wt/rcache/src/p_spec.c,tick:specials/interp,232,40,76,6,2,0,497
SCR_Recalc,/home/user/wt/rcache/src/screen.c,render:hud/video,30,8,12,4,3,4,489
VS_GetSpace,/home/user/wt/rcache/src/command.c,tick:other,192,72,36,8,0,0,483
CON_ClearHUD,/home/user/wt/rcache/src/console.c,render:hud/video,46,4,8,6,2,2,475
G_GetBestRings,/home/user/wt/rcache/src/g_game.c,tick:other,540,120,0,0,0,0,458
A_MonitorPop,/home/user/wt/rcache/src/p_enemy.c,tick:thinkers,69,15,12,6,4,1,448
P_SpawnMobj'2,/home/user/wt/rcache/src/p_mobj.c,tick:thinkers,162,41,43,4,4,1,447
Command_Playdemo_f,/home/user/wt/rcache/src/netcode/d_netcmd.c,tick:other,52,8,12,7,3,1,444
A_ScoreRise,/home/user/wt/rcache/src/p_enemy.c,tick:thinkers,50,20,0,10,0,0,442
Analog_OnChange,/home/user/wt/rcache/src/g_game.c,tick:other,33,12,0,8,3,0,438
D_ClientServerInit,/home/user/wt/rcache/src/netcode/d_clisrv.c,tick:other,69,4,20,7,1,2,428
SendWeaponPref2,/home/user/wt/rcache/src/netcode/d_netcmd.c,tick:other,67,16,11,3,8,0,417
CV_StealthSetValue,/home/user/wt/rcache/src/command.c,tick:other,66,12,16,6,3,1,416
M_RandomSeedFromOS,/home/user/wt/rcache/src/m_random.c,tick:other,244,7,6,4,0,1,397
M_GetUrlProtocolArg,/home/user/wt/rcache/src/m_argv.c,other,192,23,27,2,0,0,395
FV3_Cross,/home/user/wt/rcache/src/m_fixed.c,tick:collision/sight,172,36,12,3,0,4,386
P_AfterPlayerSpawn,/home/user/wt/rcache/src/p_mobj.c,tick:thinkers,64,18,11,6,3,0,384
P_SetSlopeFromTag,/home/user/wt/rcache/src/p_slopes.c,tick:collision/sight,126,24,12,2,5,1,367
S_ResumeAudio,/home/user/wt/rcache/src/s_sound.c,other,72,18,6,6,0,0,358
G_GetBestNightsTime,/home/user/wt/rcache/src/g_game.c,tick:other,324,72,0,2,0,0,355
PS2FTest_Level,/home/user/wt/rcache/src/ps2/ps2_ftest.c,other,38,12,10,5,2,1,352
M_AATreeAlloc,/home/user/wt/rcache/src/m_aatree.c,other,96,16,32,4,1,0,347
findfile,/home/user/wt/rcache/src/netcode/d_netfil.c,tick:other,70,12,14,7,0,0,339
G_TimeDemo,/home/user/wt/rcache/src/g_demo.c,tick:other,34,2,14,4,1,4,339
D_QuitNetGame,/home/user/wt/rcache/src/netcode/d_clisrv.c,tick:other,25,10,6,4,5,0,331
M_IsNextParm,/home/user/wt/rcache/src/m_argv.c,other,102,36,0,4,0,0,327
Ban_Load_File,/home/user/wt/rcache/src/netcode/commands.c,tick:other,38,11,10,5,1,2,322
P_SpawnPlaneScroller,/home/user/wt/rcache/src/p_spec.c,tick:specials/interp,144,48,32,4,0,1,312
CV_EnforceExecVersion,/home/user/wt/rcache/src/command.c,tick:other,57,18,11,5,2,0,308
CON_ToggleOff,/home/user/wt/rcache/src/console.c,render:hud/video,37,5,11,3,0,3,301
S_RegisterSoundStuff,/home/user/wt/rcache/src/s_sound.c,other,41,1,15,5,1,0,297
Gravity_OnChange,/home/user/wt/rcache/src/netcode/d_netcmd.c,tick:other,26,8,5,3,4,1,292
ChaseCam2_OnChange,/home/user/wt/rcache/src/r_main.c,render:bsp/setup,24,6,0,4,3,0,289
startswith,/home/user/wt/rcache/src/string.c,other,76,12,16,4,0,0,285
strcatbf,/home/user/wt/rcache/src/m_misc.c,other,80,18,20,3,0,1,281
R_CreateInterpolator_SectorScroll,/home/user/wt/rcache/src/r_fps.c,tick:specials/interp,92,20,36,2,4,0,278
Captioning_OnChange,/home/user/wt/rcache/src/s_sound.c,other,65,2,24,2,0,3,276
CONS_Clear_f,/home/user/wt/rcache/src/console.c,render:hud/video,21,3,6,3,1,2,274
M_UnlockableSkinNum,/home/user/wt/rcache/src/m_cond.c,other,45,15,6,2,4,0,274
M_GetNextParm,/home/user/wt/rcache/src/m_argv.c,other,90,30,5,3,0,0,267
V_SetPaletteLump,/home/user/wt/rcache/src/v_video.c,render:hud/video,16,4,2,4,2,0,266
ChaseCam_OnChange,/home/user/wt/rcache/src/r_main.c,render:bsp/setup,20,4,0,4,2,0,253
CONS_hudlines_Change,/home/user/wt/rcache/src/console.c,render:hud/video,30,4,6,3,1,1,249
PS_SampleSize_OnChange,/home/user/wt/rcache/src/m_perfstats.c,other,16,3,5,4,1,1,246
cmp_strlen_desc,/home/user/wt/rcache/src/d_main.c,tick:other,28,6,8,4,0,2,244
S_SetMusicVolume,/home/user/wt/rcache/src/s_sound.c,other,36,6,7,3,2,0,239
R_ResetSectorEdgeCache,/home/user/wt/rcache/src/r_main.c,render:bsp/setup,16,0,6,3,0,3,236
G_GhostAddThok,/home/user/wt/rcache/src/g_demo.c,tick:other,12,6,0,4,2,0,230
SCR_Startup,/home/user/wt/rcache/src/screen.c,render:hud/video,18,1,7,3,1,1,229
ST_startTitleCard,/home/user/wt/rcache/src/st_stuff.c,render:hud/video,17,3,9,3,1,1,228
ST_Start,/home/user/wt/rcache/src/st_stuff.c,render:hud/video,15,3,3,2,1,2,225
I_LocateWad,/home/user/wt/rcache/tools/ps2/build_host_profile_wad.c,other,45,7,9,3,0,1,224
M_GetEmblemColor,/home/user/wt/rcache/src/m_cond.c,other,45,15,0,0,5,0,224
P_SpawnPrecipitation,/home/user/wt/rcache/src/p_mobj.c,tick:thinkers,14,4,0,3,3,0,222
PS2FTest_Startup,/home/user/wt/rcache/src/ps2/ps2_ftest.c,other,41,11,12,3,1,0,217
PS2_HostNoSaveBan,/home/user/wt/rcache/src/netcode/commands.c,tick:other,27,9,7,4,1,0,213
G_MovePlayerToSpawnOrStarpost,/home/user/wt/rcache/src/g_game.c,tick:other,35,7,6,3,2,0,210
R_ResetMobjInterpolationState,/home/user/wt/rcache/src/r_fps.c,tick:specials/interp,28,12,10,3,1,1,204
sizeu2,/home/user/wt/rcache/src/m_misc.c,other,26,4,4,4,0,0,203
HU_Init,/home/user/wt/rcache/src/hu_stuff.c,render:hud/video,25,1,6,3,0,1,201
G_GetBestScore,/home/user/wt/rcache/src/g_game.c,tick:other,189,42,0,1,0,0,200
S_GetMusicLumpNum,/home/user/wt/rcache/src/s_sound.c,other,22,3,4,4,0,0,196
CV_SetCVar'2,/home/user/wt/rcache/src/command.c,tick:other,86,22,14,0,3,1,193
FIL_DefaultExtension,/home/user/wt/rcache/src/m_misc.c,other,43,7,3,3,0,0,190
G_FindMapStart,/home/user/wt/rcache/src/g_game.c,tick:other,27,5,2,4,0,0,183
SendNetXCmd2,/home/user/wt/rcache/src/netcode/net_command.c,tick:other,48,8,10,2,2,0,181
P_ReadUINT16,/home/user/wt/rcache/src/p_saveg.c,tick:specials/interp,10,5,1,2,3,0,178
R_LoadParsedTranslations,/home/user/wt/rcache/src/r_translation.c,other,17,6,6,3,1,0,178
SCR_ChangeFullscreen,/home/user/wt/rcache/src/screen.c,render:hud/video,8,4,0,2,2,0,173
Command_Version_f,/home/user/wt/rcache/src/netcode/d_netcmd.c,tick:other,25,4,5,3,1,0,171
G_FindCoopStart,/home/user/wt/rcache/src/g_game.c,tick:other,28,8,3,2,2,0,164
FIL_WriteFile,/home/user/wt/rcache/src/m_misc.c,other,25,4,6,3,0,0,161
A_RingBox,/home/user/wt/rcache/src/p_enemy.c,tick:thinkers,24,9,3,2,2,0,160
nameonly,/home/user/wt/rcache/src/netcode/d_netfil.c,tick:other,92,20,12,2,0,0,158
P_SetPlayerAngle,/home/user/wt/rcache/src/p_user.c,tick:thinkers,20,4,2,2,2,0,157
I_ShutdownTcpDriver,/home/user/wt/rcache/src/netcode/i_tcp.c,tick:other,18,4,6,2,1,1,155
G_StartTitleCard,/home/user/wt/rcache/src/g_game.c,tick:other,13,2,5,2,1,1,151
B_MoveBlocked,/home/user/wt/rcache/src/b_bot.c,other,6,2,2,2,0,2,150
M_QueueFree,/home/user/wt/rcache/src/m_queue.c,other,30,8,10,1,1,1,149
M_RandomizedSeed,/home/user/wt/rcache/src/m_random.c,tick:other,26,5,1,3,0,0,142
ForceSkin_OnChange,/home/user/wt/rcache/src/netcode/d_netcmd.c,tick:other,24,10,4,3,0,0,140
CON_SetupBackColormap,/home/user/wt/rcache/src/console.c,render:hud/video,9,1,1,2,1,0,135
AddMServCommands,/home/user/wt/rcache/src/netcode/mserv.c,tick:other,17,0,6,3,0,0,134
SCR_ChangeRenderer,/home/user/wt/rcache/src/screen.c,render:hud/video,7,4,0,2,1,0,131
M_NewGameDataStruct,/home/user/wt/rcache/src/m_cond.c,other,30,4,8,2,0,0,129
G_CheckDemoStatus,/home/user/wt/rcache/src/g_demo.c,tick:other,10,1,6,3,0,0,128
G_CheckSpot,/home/user/wt/rcache/src/g_game.c,tick:other,17,3,0,2,1,0,124
Ringslinger_OnChange,/home/user/wt/rcache/src/netcode/d_netcmd.c,tick:other,14,4,1,2,1,0,122
SoundTest_OnChange,/home/user/wt/rcache/src/netcode/d_netcmd.c,tick:other,14,3,1,2,1,0,122
Skin2_CanChange,/home/user/wt/rcache/src/netcode/d_netcmd.c,tick:other,13,3,3,2,0,1,121
Skin_CanChange,/home/user/wt/rcache/src/netcode/d_netcmd.c,tick:other,13,3,3,2,0,1,121
Hidetime_OnChange,/home/user/wt/rcache/src/netcode/d_netcmd.c,tick:other,12,2,3,2,0,1,120
Skin_OnChange,/home/user/wt/rcache/src/netcode/d_netcmd.c,tick:other,10,2,3,2,0,1,118
Y_CleanupScreenBuffer,/home/user/wt/rcache/src/y_inter.c,other,5,2,0,2,1,0,118
UserAnalog2_OnChange,/home/user/wt/rcache/src/g_game.c,tick:other,9,2,0,2,1,0,118
CL_AbortDownloadResume,/home/user/wt/rcache/src/netcode/d_netfil.c,tick:other,7,3,1,2,1,0,116
G_GhostAddScale,/home/user/wt/rcache/src/g_demo.c,tick:other,6,3,0,2,1,0,115
ExitMove_OnChange,/home/user/wt/rcache/src/netcode/d_netcmd.c,tick:other,6,3,0,2,1,0,115
RoomId_OnChange,/home/user/wt/rcache/src/netcode/mserv.c,tick:other,6,3,0,2,1,0,115
R_ResetViewInterpolation,/home/user/wt/rcache/src/r_fps.c,tick:specials/interp,41,13,5,0,2,0,95
FIL_ReadFileOK,/home/user/wt/rcache/src/m_misc.c,other,8,1,1,2,0,0,93
P_PatchInfoTables,/home/user/wt/rcache/src/info.c,other,7,0,0,2,0,0,91
G_SpawnPlayer,/home/user/wt/rcache/src/g_game.c,tick:other,12,2,2,2,0,0,90
CV_constextsize_OnChange,/home/user/wt/rcache/src/v_video.c,render:hud/video,5,2,1,1,1,0,88
CON_StopRefresh,/home/user/wt/rcache/src/console.c,render:hud/video,5,2,1,1,1,0,88
ST_Init,/home/user/wt/rcache/src/st_stuff.c,render:hud/video,4,1,0,1,1,0,87
Skin2_OnChange,/home/user/wt/rcache/src/netcode/d_netcmd.c,tick:other,7,1,1,2,0,0,86
CoopStarposts_OnChange,/home/user/wt/rcache/src/netcode/d_netcmd.c,tick:other,6,3,0,2,0,0,85
CoopLives_OnChange,/home/user/wt/rcache/src/netcode/d_netcmd.c,tick:other,6,3,0,2,0,0,85
CV_ToggleExecVersion,/home/user/wt/rcache/src/command.c,tick:other,6,2,2,2,0,0,85
HU_ClearCEcho,/home/user/wt/rcache/src/hu_stuff.c,render:hud/video,3,1,1,1,0,1,85
ST_stopTitleCard,/home/user/wt/rcache/src/st_stuff.c,render:hud/video,3,1,1,1,0,1,85
Mute_OnChange,/home/user/wt/rcache/src/netcode/d_netcmd.c,tick:other,4,2,0,2,0,0,83
P_SetRandSeed,/home/user/wt/rcache/src/m_random.c,tick:other,14,2,4,1,0,1,82
endswith,/home/user/wt/rcache/src/string.c,other,25,4,6,1,0,0,81
ModFilter_OnChange,/home/user/wt/rcache/src/s_sound.c,other,5,2,0,1,1,0,78
OP_ResetObjectplace,/home/user/wt/rcache/src/m_cheat.c,other,4,1,2,1,0,1,77
BaseNumLaps_OnChange,/home/user/wt/rcache/src/netcode/d_netcmd.c,tick:other,6,2,0,1,1,0,75
Fov_OnChange,/home/user/wt/rcache/src/r_main.c,render:bsp/setup,3,1,1,1,0,1,75
AutoBalance_OnChange,/home/user/wt/rcache/src/netcode/d_netcmd.c,tick:other,4,2,1,1,0,1,73
NetTimeout_OnChange,/home/user/wt/rcache/src/netcode/d_netcmd.c,tick:other,4,2,1,1,0,1,73
P_ClearBlockNodes,/home/user/wt/rcache/src/p_maputl.c,tick:collision/sight,4,1,2,1,0,1,73
G_GetModeAttackRetryFlag,/home/user/wt/rcache/src/g_game.c,tick:other,3,2,0,1,1,0,73
G_SetGamestate,/home/user/wt/rcache/src/g_game.c,tick:other,3,1,1,1,0,1,73
FV3_Divide,/home/user/wt/rcache/src/m_fixed.c,tick:collision/sight,36,0,0,1,0,0,71
CONS_height_Change,/home/user/wt/rcache/src/console.c,render:hud/video,12,3,1,1,0,0,60
M_QueueInit,/home/user/wt/rcache/src/m_queue.c,other,10,2,6,1,0,0,56
CV_SetValue'2,/home/user/wt/rcache/src/command.c,tick:other,66,12,16,0,0,0,56
S_FadeMusicFromVolume,/home/user/wt/rcache/src/s_sound.c,other,8,0,0,1,0,0,53
DirectionChar_OnChange,/home/user/wt/rcache/src/g_game.c,tick:other,14,0,0,1,0,0,52
S_StopMusic,/home/user/wt/rcache/src/s_sound.c,other,7,1,1,1,0,0,51
PS_PerfStats_OnChange,/home/user/wt/rcache/src/m_perfstats.c,other,5,2,0,1,0,0,48
CON_StartRefresh,/home/user/wt/rcache/src/console.c,render:hud/video,5,2,1,1,0,0,48
CV_IsSetToDefault,/home/user/wt/rcache/src/command.c,tick:other,9,3,1,1,0,0,48
CONS_backcolor_Change,/home/user/wt/rcache/src/console.c,render:hud/video,4,1,0,1,0,0,47
UserAnalog_OnChange,/home/user/wt/rcache/src/g_game.c,tick:other,7,1,0,1,0,0,46
P_DoPityCheck,/home/user/wt/rcache/src/p_user.c,tick:thinkers,6,3,0,1,0,0,45
S_MusicName,/home/user/wt/rcache/src/s_sound.c,other,3,1,0,1,0,0,45
ItemFinder_OnChange,/home/user/wt/rcache/src/netcode/d_netcmd.c,tick:other,5,2,0,1,0,0,44
G_GametypeHasSpectators,/home/user/wt/rcache/src/g_game.c,tick:other,5,2,0,1,0,0,44
HU_Start,/home/user/wt/rcache/src/hu_stuff.c,render:hud/video,2,1,0,1,0,0,43
CV_LoadOldDemoVars,/home/user/wt/rcache/src/command.c,tick:other,3,0,0,1,0,0,43
MasterServer_Debug_OnChange,/home/user/wt/rcache/src/netcode/http-mserv.c,tick:other,2,1,0,1,0,0,42
JoinTimeout_OnChange,/home/user/wt/rcache/src/netcode/d_netcmd.c,tick:other,4,2,1,0,0,1,33
DummyConsvar_OnChange,/home/user/wt/rcache/src/netcode/d_netcmd.c,tick:other,4,2,0,0,0,0,3
checkfilemd5,/home/user/wt/rcache/src/netcode/d_netfil.c,tick:other,3,1,0,0,0,0,3
DirectionChar2_OnChange,/home/user/wt/rcache/src/g_game.c,tick:other,2,0,0,0,0,0,2
AutoBrake_OnChange,/home/user/wt/rcache/src/g_game.c,tick:other,2,0,0,0,0,0,2
AutoBrake2_OnChange,/home/user/wt/rcache/src/g_game.c,tick:other,2,0,0,0,0,0,2
MasterServer_OnChange,/home/user/wt/rcache/src/netcode/mserv.c,tick:other,2,1,0,0,0,0,2
